id,Q246,Q246_6_TEXT,Team_id,remove_team,self_leader,self_leader_2,self_leader_3,squestion,alter_id,Q13,Q14,Q15,Q16,Q17,Q82,Q83,Q84,Q85,Q86,Q89,Q90,Q91,Q92,Q93
697,4,NA,1_1_1,0,TRUE,TRUE,TRUE,1,682,7,7,7,NA,FALSE,7,7,7,NA,FALSE,7,7,7,NA,FALSE
697,4,NA,1_1_1,0,TRUE,TRUE,TRUE,2,959,6,7,7,NA,FALSE,7,7,7,NA,FALSE,7,7,7,NA,FALSE
697,4,NA,1_1_1,0,TRUE,TRUE,TRUE,4,vero1_1_1,NA,NA,NA,NA,NA,6,6,6,2,FALSE,5,6,6,2,FALSE
682,2,NA,1_1_1,0,FALSE,TRUE,TRUE,1,697,7,7,7,1,TRUE,7,7,7,1,TRUE,7,4,7,NA,TRUE
682,2,NA,1_1_1,0,FALSE,TRUE,TRUE,2,959,7,6,6,2,FALSE,6,6,6,2,FALSE,5,4,3,NA,FALSE
682,2,NA,1_1_1,0,FALSE,TRUE,TRUE,4,vero1_1_1,NA,NA,NA,NA,NA,6,5,6,3,FALSE,2,3,3,4,FALSE
959,4,NA,1_1_1,0,TRUE,TRUE,TRUE,1,697,7,7,7,6,TRUE,7,7,6,1,TRUE,7,7,6,1,TRUE
959,4,NA,1_1_1,0,TRUE,TRUE,TRUE,2,682,6,6,6,6,FALSE,5,6,5,1,TRUE,6,5,5,1,FALSE
959,4,NA,1_1_1,0,TRUE,TRUE,TRUE,4,vero1_1_1,NA,NA,NA,NA,NA,6,6,5,NA,TRUE,6,5,5,1,FALSE
823,4,NA,1_2_1,0,FALSE,FALSE,FALSE,1,177,7,7,7,1,TRUE,7,7,7,1,FALSE,7,7,7,1,FALSE
823,4,NA,1_2_1,0,FALSE,FALSE,FALSE,2,346,7,7,7,1,FALSE,7,6,7,1,FALSE,7,7,7,1,FALSE
823,4,NA,1_2_1,0,FALSE,FALSE,FALSE,4,vero1_2_1,NA,NA,NA,NA,NA,NA,NA,NA,NA,FALSE,NA,NA,NA,NA,FALSE
177,5,NA,1_2_1,0,TRUE,TRUE,TRUE,1,346,6,6,6,2,TRUE,6,6,6,2,TRUE,7,7,7,1,TRUE
177,5,NA,1_2_1,0,TRUE,TRUE,TRUE,2,823,4,6,4,2,FALSE,5,6,6,2,TRUE,7,7,7,1,TRUE
177,5,NA,1_2_1,0,TRUE,TRUE,TRUE,4,vero1_2_1,NA,NA,NA,NA,NA,5,5,5,3,FALSE,6,5,4,2,TRUE
346,5,NA,1_2_1,0,TRUE,TRUE,FALSE,1,177,6,5,6,2,TRUE,6,6,6,1,FALSE,6,7,4,1,TRUE
346,5,NA,1_2_1,0,TRUE,TRUE,FALSE,2,823,2,5,2,5,FALSE,4,6,6,1,FALSE,5,7,4,1,TRUE
346,5,NA,1_2_1,0,TRUE,TRUE,FALSE,4,vero1_2_1,NA,NA,NA,NA,NA,1,6,1,1,FALSE,NA,3,2,1,FALSE
499,5,NA,2_3_1,0,FALSE,FALSE,FALSE,2,224,6,NA,6,7,FALSE,7,7,6,6,FALSE,7,7,6,7,TRUE
499,5,NA,2_3_1,0,FALSE,FALSE,FALSE,3,650,6,NA,7,7,TRUE,7,7,7,7,FALSE,6,7,7,7,FALSE
499,5,NA,2_3_1,0,FALSE,FALSE,FALSE,4,vero2_3_1,NA,NA,NA,NA,NA,6,7,7,7,FALSE,7,6,6,6,FALSE
650,4,NA,2_3_1,0,FALSE,FALSE,FALSE,1,499,5,5,4,6,FALSE,3,3,2,2,FALSE,4,2,3,5,FALSE
650,4,NA,2_3_1,0,FALSE,FALSE,FALSE,2,224,3,4,5,4,FALSE,5,4,3,2,TRUE,3,5,2,2,TRUE
650,4,NA,2_3_1,0,FALSE,FALSE,FALSE,4,vero2_3_1,NA,NA,NA,NA,NA,5,5,2,2,FALSE,5,4,5,2,FALSE
224,4,NA,2_3_1,0,FALSE,FALSE,FALSE,1,499,NA,NA,5,3,FALSE,4,5,5,5,TRUE,3,NA,4,3,FALSE
224,4,NA,2_3_1,0,FALSE,FALSE,FALSE,2,650,NA,NA,4,6,TRUE,4,4,3,3,TRUE,4,NA,3,4,TRUE
224,4,NA,2_3_1,0,FALSE,FALSE,FALSE,4,vero2_3_1,NA,NA,NA,NA,NA,5,7,4,4,FALSE,6,NA,5,NA,FALSE
532,5,NA,2_4_1,0,TRUE,TRUE,TRUE,1,227,7,7,7,1,TRUE,7,7,7,1,TRUE,7,7,7,1,TRUE
532,5,NA,2_4_1,0,TRUE,TRUE,TRUE,2,963,7,7,7,1,TRUE,7,7,7,1,TRUE,7,7,7,1,TRUE
532,5,NA,2_4_1,0,TRUE,TRUE,TRUE,4,vero2_4_1,NA,NA,NA,NA,NA,3,2,2,7,FALSE,2,1,1,7,FALSE
963,2,NA,2_4_1,0,TRUE,FALSE,TRUE,1,532,7,7,7,1,TRUE,7,7,7,NA,TRUE,7,7,7,NA,TRUE
963,2,NA,2_4_1,0,TRUE,FALSE,TRUE,2,227,7,7,7,1,TRUE,7,7,7,NA,FALSE,7,7,7,NA,TRUE
963,2,NA,2_4_1,0,TRUE,FALSE,TRUE,4,vero2_4_1,NA,NA,NA,NA,NA,2,2,1,6,FALSE,2,3,2,6,FALSE
227,5,NA,2_4_1,0,TRUE,TRUE,TRUE,1,532,7,7,7,NA,TRUE,7,7,7,NA,TRUE,7,7,7,1,TRUE
227,5,NA,2_4_1,0,TRUE,TRUE,TRUE,2,963,7,7,7,NA,FALSE,7,7,7,NA,FALSE,7,7,7,NA,FALSE
227,5,NA,2_4_1,0,TRUE,TRUE,TRUE,4,vero2_4_1,NA,NA,NA,NA,NA,7,7,7,NA,FALSE,7,7,7,NA,FALSE
524,4,NA,2_5_1,0,FALSE,FALSE,FALSE,1,739,7,7,6,1,TRUE,7,7,6,NA,TRUE,7,7,7,NA,TRUE
524,4,NA,2_5_1,0,FALSE,FALSE,FALSE,2,997,7,7,6,NA,FALSE,7,7,6,NA,FALSE,7,7,7,NA,FALSE
524,4,NA,2_5_1,0,FALSE,FALSE,FALSE,4,vero2_5_1,NA,NA,NA,NA,NA,4,5,2,4,FALSE,3,3,4,2,FALSE
739,2,NA,2_5_1,0,TRUE,TRUE,TRUE,1,524,6,6,7,6,FALSE,6,7,7,6,FALSE,5,7,6,2,FALSE
739,2,NA,2_5_1,0,TRUE,TRUE,TRUE,2,997,5,7,7,7,FALSE,7,7,7,7,FALSE,7,7,7,NA,FALSE
739,2,NA,2_5_1,0,TRUE,TRUE,TRUE,4,vero2_5_1,NA,NA,NA,NA,NA,5,4,4,3,FALSE,2,2,2,7,FALSE
997,5,NA,2_5_1,0,FALSE,FALSE,FALSE,1,739,7,7,7,NA,TRUE,7,7,7,NA,TRUE,7,7,7,NA,TRUE
997,5,NA,2_5_1,0,FALSE,FALSE,FALSE,2,524,7,7,7,NA,FALSE,7,7,7,NA,FALSE,7,7,7,NA,FALSE
997,5,NA,2_5_1,0,FALSE,FALSE,FALSE,4,vero2_5_1,NA,NA,NA,NA,NA,3,4,NA,4,FALSE,4,4,NA,4,FALSE
461,5,NA,2_6_1,0,TRUE,TRUE,TRUE,1,379,6,6,6,1,TRUE,6,6,6,2,TRUE,6,6,6,1,TRUE
461,5,NA,2_6_1,0,TRUE,TRUE,TRUE,2,470,6,6,6,1,TRUE,6,6,6,2,TRUE,6,6,6,1,TRUE
461,5,NA,2_6_1,0,TRUE,TRUE,TRUE,4,vero2_6_1,NA,NA,NA,NA,NA,2,2,3,4,FALSE,2,2,3,4,FALSE
470,2,NA,2_6_1,0,TRUE,TRUE,TRUE,2,379,6,6,6,1,FALSE,7,6,7,NA,FALSE,7,7,7,NA,TRUE
470,2,NA,2_6_1,0,TRUE,TRUE,TRUE,3,461,5,5,6,2,TRUE,7,6,7,NA,TRUE,7,6,7,NA,TRUE
470,2,NA,2_6_1,0,TRUE,TRUE,TRUE,4,vero2_6_1,NA,NA,NA,NA,NA,2,2,NA,2,FALSE,2,NA,NA,2,FALSE
379,4,NA,2_6_1,0,TRUE,TRUE,TRUE,1,461,7,7,7,NA,TRUE,7,7,7,1,TRUE,7,7,7,1,TRUE
379,4,NA,2_6_1,0,TRUE,TRUE,TRUE,2,470,7,7,7,NA,TRUE,7,7,7,NA,TRUE,7,7,7,NA,TRUE
379,4,NA,2_6_1,0,TRUE,TRUE,TRUE,4,vero2_6_1,NA,NA,NA,NA,NA,2,4,2,NA,FALSE,1,4,NA,NA,FALSE
152,4,NA,3_7_1,0,FALSE,FALSE,FALSE,1,857,7,6,7,NA,FALSE,7,6,7,NA,FALSE,7,7,7,NA,FALSE
152,4,NA,3_7_1,0,FALSE,FALSE,FALSE,2,945,7,7,7,NA,TRUE,7,7,7,NA,TRUE,7,7,7,NA,TRUE
152,4,NA,3_7_1,0,FALSE,FALSE,FALSE,4,vero3_7_1,NA,NA,NA,NA,NA,7,7,7,NA,FALSE,7,7,7,NA,FALSE
857,4,NA,3_7_1,0,FALSE,FALSE,TRUE,1,945,6,5,7,7,TRUE,7,7,7,1,TRUE,7,7,7,1,TRUE
857,4,NA,3_7_1,0,FALSE,FALSE,TRUE,2,152,6,5,7,7,FALSE,7,7,7,NA,FALSE,7,7,7,NA,TRUE
857,4,NA,3_7_1,0,FALSE,FALSE,TRUE,4,vero3_7_1,NA,NA,NA,NA,NA,4,2,7,NA,FALSE,6,2,3,NA,TRUE
945,4,NA,3_7_1,0,TRUE,FALSE,FALSE,1,857,6,6,6,1,FALSE,6,6,6,2,FALSE,6,6,6,6,FALSE
945,4,NA,3_7_1,0,TRUE,FALSE,FALSE,2,152,6,6,6,1,FALSE,6,6,6,2,TRUE,6,6,6,6,FALSE
945,4,NA,3_7_1,0,TRUE,FALSE,FALSE,4,vero3_7_1,NA,NA,NA,NA,NA,5,5,6,4,TRUE,6,5,6,3,TRUE
710,2,NA,3_8_1,0,TRUE,TRUE,TRUE,1,466,6,7,5,NA,FALSE,6,7,6,NA,FALSE,6,7,6,NA,FALSE
710,2,NA,3_8_1,0,TRUE,TRUE,TRUE,2,988,7,7,7,NA,TRUE,7,7,7,NA,TRUE,7,7,7,NA,TRUE
710,2,NA,3_8_1,0,TRUE,TRUE,TRUE,4,vero3_8_1,NA,NA,NA,NA,NA,3,2,2,2,FALSE,3,2,3,3,FALSE
988,1,NA,3_8_1,0,FALSE,FALSE,FALSE,1,466,6,7,5,1,FALSE,7,7,7,1,FALSE,7,7,6,1,FALSE
988,1,NA,3_8_1,0,FALSE,FALSE,FALSE,2,710,6,7,6,1,TRUE,7,7,7,1,TRUE,7,7,7,1,TRUE
988,1,NA,3_8_1,0,FALSE,FALSE,FALSE,4,vero3_8_1,NA,NA,NA,NA,NA,3,3,5,4,FALSE,5,3,5,3,FALSE
466,4,NA,3_8_1,0,FALSE,TRUE,TRUE,1,710,5,6,6,1,FALSE,7,7,7,NA,TRUE,7,7,7,7,TRUE
466,4,NA,3_8_1,0,FALSE,TRUE,TRUE,2,988,5,6,7,NA,TRUE,7,7,7,NA,TRUE,7,7,7,7,TRUE
466,4,NA,3_8_1,0,FALSE,TRUE,TRUE,4,vero3_8_1,NA,NA,NA,NA,NA,5,5,5,3,TRUE,5,6,6,6,TRUE
232,4,NA,3_9_1,0,FALSE,TRUE,TRUE,1,300,7,7,6,1,TRUE,7,7,7,NA,TRUE,7,7,7,NA,TRUE
232,4,NA,3_9_1,0,FALSE,TRUE,TRUE,2,573,7,7,5,NA,FALSE,7,7,5,NA,FALSE,7,7,5,NA,FALSE
232,4,NA,3_9_1,0,FALSE,TRUE,TRUE,4,vero3_9_1,NA,NA,NA,NA,NA,NA,NA,NA,NA,TRUE,7,6,7,NA,TRUE
573,5,NA,3_9_1,0,FALSE,FALSE,FALSE,1,232,7,7,7,2,TRUE,7,6,6,2,TRUE,6,7,6,1,FALSE
573,5,NA,3_9_1,0,FALSE,FALSE,FALSE,2,300,7,7,7,2,FALSE,7,5,6,2,FALSE,6,7,6,NA,FALSE
573,5,NA,3_9_1,0,FALSE,FALSE,FALSE,4,vero3_9_1,NA,NA,NA,NA,NA,4,4,6,2,FALSE,4,4,4,NA,TRUE
300,4,NA,3_9_1,0,TRUE,TRUE,TRUE,1,573,7,7,7,7,TRUE,7,7,7,NA,TRUE,7,7,7,1,TRUE
300,4,NA,3_9_1,0,TRUE,TRUE,TRUE,2,232,7,7,7,7,TRUE,7,7,7,NA,TRUE,7,7,7,1,TRUE
300,4,NA,3_9_1,0,TRUE,TRUE,TRUE,4,vero3_9_1,NA,NA,NA,NA,NA,7,5,7,NA,FALSE,7,5,7,1,FALSE
615,5,NA,3_10_1,0,FALSE,NA,FALSE,1,236,5,5,4,NA,FALSE,NA,NA,NA,NA,NA,5,6,4,2,FALSE
615,5,NA,3_10_1,0,FALSE,NA,FALSE,2,614,7,6,6,NA,TRUE,NA,NA,NA,NA,NA,7,6,7,NA,TRUE
615,5,NA,3_10_1,0,FALSE,NA,FALSE,4,vero3_10_1,NA,NA,NA,NA,NA,NA,NA,NA,NA,NA,3,2,2,5,FALSE
614,2,NA,3_10_1,0,TRUE,TRUE,TRUE,1,236,7,3,5,1,FALSE,7,7,7,1,TRUE,7,7,7,1,FALSE
614,2,NA,3_10_1,0,TRUE,TRUE,TRUE,2,615,7,5,5,1,FALSE,7,7,7,1,TRUE,7,7,7,1,FALSE
614,2,NA,3_10_1,0,TRUE,TRUE,TRUE,4,vero3_10_1,NA,NA,NA,NA,NA,4,3,2,6,FALSE,1,1,1,7,FALSE
236,4,NA,3_10_1,0,TRUE,NA,TRUE,1,614,7,7,6,1,TRUE,NA,NA,NA,NA,NA,6,6,6,6,TRUE
236,4,NA,3_10_1,0,TRUE,NA,TRUE,2,615,7,7,6,1,TRUE,NA,NA,NA,NA,NA,6,6,6,6,TRUE
236,4,NA,3_10_1,0,TRUE,NA,TRUE,4,vero3_10_1,NA,NA,NA,NA,NA,NA,NA,NA,NA,NA,4,5,5,5,FALSE
992,2,NA,1_1_4,0,TRUE,FALSE,FALSE,1,213,4,6,3,1,TRUE,4,6,3,1,FALSE,4,6,3,1,TRUE
992,2,NA,1_1_4,0,TRUE,FALSE,FALSE,2,587,4,6,3,1,FALSE,4,6,3,1,FALSE,4,6,3,1,FALSE
992,2,NA,1_1_4,0,TRUE,FALSE,FALSE,4,vero1_1_4,NA,NA,NA,NA,NA,5,6,5,1,FALSE,6,6,5,1,FALSE
587,5,NA,1_1_4,0,FALSE,FALSE,FALSE,1,213,2,3,2,2,FALSE,2,2,2,1,FALSE,2,2,1,2,FALSE
587,5,NA,1_1_4,0,FALSE,FALSE,FALSE,2,992,2,NA,3,4,TRUE,3,NA,3,3,FALSE,3,NA,2,3,FALSE
587,5,NA,1_1_4,0,FALSE,FALSE,FALSE,4,vero1_1_4,NA,NA,NA,NA,NA,4,2,4,2,TRUE,4,2,3,NA,TRUE
213,4,NA,1_1_4,0,TRUE,FALSE,TRUE,1,587,6,6,5,NA,FALSE,5,6,5,NA,FALSE,5,6,6,NA,FALSE
213,4,NA,1_1_4,0,TRUE,FALSE,TRUE,2,992,6,6,6,NA,TRUE,5,6,5,NA,TRUE,6,6,6,NA,TRUE
213,4,NA,1_1_4,0,TRUE,FALSE,TRUE,4,vero1_1_4,NA,NA,NA,NA,NA,5,6,5,NA,FALSE,6,6,6,NA,FALSE
454,4,NA,3_2_4,0,TRUE,FALSE,FALSE,1,836,5,6,6,3,FALSE,6,6,7,7,FALSE,7,7,6,2,FALSE
454,4,NA,3_2_4,0,TRUE,FALSE,FALSE,3,307,7,7,7,1,FALSE,7,6,7,7,FALSE,7,7,6,1,FALSE
454,4,NA,3_2_4,0,TRUE,FALSE,FALSE,4,vero3_2_4,NA,NA,NA,NA,NA,7,7,7,7,TRUE,7,7,7,1,TRUE
307,6,NA,3_2_4,0,TRUE,TRUE,TRUE,1,454,3,3,3,5,FALSE,3,3,3,4,FALSE,2,2,2,5,FALSE
307,6,NA,3_2_4,0,TRUE,TRUE,TRUE,2,836,2,1,1,7,FALSE,2,2,2,5,FALSE,1,1,1,6,FALSE
307,6,NA,3_2_4,0,TRUE,TRUE,TRUE,4,vero3_2_4,NA,NA,NA,NA,NA,6,7,7,1,TRUE,6,7,7,1,TRUE
836,4,NA,3_2_4,0,FALSE,FALSE,FALSE,1,454,4,4,5,3,TRUE,4,3,5,4,FALSE,4,4,7,3,FALSE
836,4,NA,3_2_4,0,FALSE,FALSE,FALSE,2,307,4,4,4,2,FALSE,4,7,3,NA,FALSE,4,7,7,NA,FALSE
836,4,NA,3_2_4,0,FALSE,FALSE,FALSE,4,vero3_2_4,NA,NA,NA,NA,NA,NA,NA,NA,NA,TRUE,NA,7,7,NA,TRUE
424,4,NA,1_3_4,0,TRUE,TRUE,TRUE,1,766,7,7,7,1,TRUE,7,7,6,1,TRUE,7,7,7,1,TRUE
424,4,NA,1_3_4,0,TRUE,TRUE,TRUE,2,330,7,7,6,1,TRUE,6,NA,6,1,FALSE,7,7,7,1,FALSE
424,4,NA,1_3_4,0,TRUE,TRUE,TRUE,4,vero1_3_4,NA,NA,NA,NA,NA,7,7,7,1,FALSE,7,7,7,1,FALSE
766,5,NA,1_3_4,0,TRUE,FALSE,TRUE,1,330,7,7,7,1,FALSE,7,7,7,1,FALSE,7,7,7,1,FALSE
766,5,NA,1_3_4,0,TRUE,FALSE,TRUE,2,424,7,7,7,1,TRUE,7,7,7,1,TRUE,7,7,7,1,TRUE
766,5,NA,1_3_4,0,TRUE,FALSE,TRUE,4,vero1_3_4,NA,NA,NA,NA,NA,7,7,7,2,FALSE,7,6,7,2,FALSE
330,2,NA,1_3_4,0,TRUE,TRUE,TRUE,1,766,7,7,7,1,TRUE,7,7,7,1,TRUE,7,7,7,1,TRUE
330,2,NA,1_3_4,0,TRUE,TRUE,TRUE,2,424,7,7,7,1,TRUE,7,7,7,1,TRUE,7,7,7,1,TRUE
330,2,NA,1_3_4,0,TRUE,TRUE,TRUE,4,vero1_3_4,NA,NA,NA,NA,NA,7,7,7,4,FALSE,5,7,6,2,TRUE
222,2,NA,1_4_4,0,FALSE,FALSE,FALSE,1,403,4,5,4,2,FALSE,6,6,6,1,FALSE,6,6,6,1,FALSE
222,2,NA,1_4_4,0,FALSE,FALSE,FALSE,2,603,4,6,4,2,TRUE,6,NA,6,1,TRUE,6,6,NA,NA,TRUE
222,2,NA,1_4_4,0,FALSE,FALSE,FALSE,4,vero1_4_4,NA,NA,NA,NA,NA,7,2,7,NA,FALSE,6,6,6,1,FALSE
403,4,NA,1_4_4,0,FALSE,FALSE,FALSE,1,603,6,7,7,1,TRUE,7,7,7,NA,TRUE,7,7,7,1,TRUE
403,4,NA,1_4_4,0,FALSE,FALSE,FALSE,2,222,6,7,6,1,FALSE,6,6,6,1,FALSE,6,6,6,1,FALSE
403,4,NA,1_4_4,0,FALSE,FALSE,FALSE,4,vero1_4_4,NA,NA,NA,NA,NA,3,3,3,2,FALSE,3,2,3,2,FALSE
603,5,NA,1_4_4,0,TRUE,TRUE,TRUE,1,403,7,7,7,1,TRUE,7,7,7,1,TRUE,7,7,7,1,TRUE
603,5,NA,1_4_4,0,TRUE,TRUE,TRUE,2,222,7,7,7,1,TRUE,7,7,7,1,TRUE,7,7,7,1,TRUE
603,5,NA,1_4_4,0,TRUE,TRUE,TRUE,4,vero1_4_4,NA,NA,NA,NA,NA,6,6,7,1,FALSE,6,7,6,1,FALSE
708,5,NA,3_5_4,0,TRUE,TRUE,TRUE,1,101,4,5,6,1,TRUE,5,7,7,1,FALSE,6,7,6,1,FALSE
708,5,NA,3_5_4,0,TRUE,TRUE,TRUE,2,986,4,5,6,1,TRUE,NA,7,7,1,FALSE,6,7,6,1,FALSE
708,5,NA,3_5_4,0,TRUE,TRUE,TRUE,4,vero3_5_4,NA,NA,NA,NA,NA,6,7,7,1,TRUE,7,7,7,1,TRUE
986,4,NA,3_5_4,0,FALSE,FALSE,FALSE,1,708,6,5,6,NA,TRUE,6,5,5,NA,TRUE,5,5,5,NA,TRUE
986,4,NA,3_5_4,0,FALSE,FALSE,FALSE,2,101,3,2,3,1,FALSE,3,5,5,NA,FALSE,5,5,5,NA,FALSE
986,4,NA,3_5_4,0,FALSE,FALSE,FALSE,4,vero3_5_4,NA,NA,NA,NA,NA,NA,3,3,3,FALSE,NA,3,4,4,FALSE
101,5,NA,3_5_4,0,TRUE,TRUE,TRUE,1,708,7,6,7,2,TRUE,7,6,7,2,TRUE,7,5,7,1,TRUE
101,5,NA,3_5_4,0,TRUE,TRUE,TRUE,2,986,7,6,7,2,TRUE,7,6,7,2,TRUE,7,6,7,1,TRUE
101,5,NA,3_5_4,0,TRUE,TRUE,TRUE,4,vero3_5_4,NA,NA,NA,NA,NA,4,2,2,5,FALSE,6,3,4,4,FALSE
548,4,NA,2_6_4,0,TRUE,TRUE,TRUE,1,623,7,7,7,1,FALSE,7,NA,7,1,TRUE,7,7,7,1,TRUE
548,4,NA,2_6_4,0,TRUE,TRUE,TRUE,2,872,7,7,7,NA,TRUE,7,NA,7,NA,TRUE,7,7,7,NA,TRUE
548,4,NA,2_6_4,0,TRUE,TRUE,TRUE,4,vero2_6_4,NA,NA,NA,NA,NA,NA,NA,2,2,FALSE,2,2,3,4,FALSE
872,4,NA,2_6_4,0,TRUE,TRUE,TRUE,1,623,7,7,7,1,TRUE,7,7,7,NA,TRUE,7,7,7,NA,TRUE
872,4,NA,2_6_4,0,TRUE,TRUE,TRUE,2,548,7,7,7,NA,TRUE,NA,7,7,NA,TRUE,7,7,7,NA,TRUE
872,4,NA,2_6_4,0,TRUE,TRUE,TRUE,4,vero2_6_4,NA,NA,NA,NA,NA,3,3,3,NA,FALSE,2,3,3,NA,FALSE
623,4,NA,2_6_4,0,TRUE,TRUE,TRUE,1,872,7,7,7,1,TRUE,7,7,7,1,TRUE,7,7,7,1,TRUE
623,4,NA,2_6_4,0,TRUE,TRUE,TRUE,2,548,7,7,7,1,TRUE,7,7,7,1,TRUE,7,7,7,1,TRUE
623,4,NA,2_6_4,0,TRUE,TRUE,TRUE,4,vero2_6_4,NA,NA,NA,NA,NA,7,7,7,1,TRUE,7,7,7,1,TRUE
185,4,NA,2_7_4,1,TRUE,TRUE,TRUE,1,565,6,7,6,1,TRUE,6,7,6,1,TRUE,7,7,7,1,TRUE
185,4,NA,2_7_4,1,TRUE,TRUE,TRUE,2,870,4,3,3,2,FALSE,3,2,3,2,FALSE,2,3,3,1,FALSE
185,4,NA,2_7_4,1,TRUE,TRUE,TRUE,4,vero2_7_4,NA,NA,NA,NA,NA,2,2,2,5,FALSE,1,4,2,2,FALSE
870,2,NA,2_7_4,1,FALSE,TRUE,TRUE,1,no clue,5,4,4,2,FALSE,4,4,4,4,TRUE,4,4,4,NA,TRUE
870,2,NA,2_7_4,1,FALSE,TRUE,TRUE,2,no clue,5,4,4,2,FALSE,4,4,4,4,TRUE,4,4,4,NA,FALSE
870,2,NA,2_7_4,1,FALSE,TRUE,TRUE,3,no clue,5,4,4,2,TRUE,4,4,4,4,FALSE,4,4,4,NA,FALSE
870,2,NA,2_7_4,1,FALSE,TRUE,TRUE,4,vero2_7_4,NA,NA,NA,NA,NA,1,NA,NA,7,FALSE,NA,NA,NA,6,FALSE
565,5,NA,2_7_4,1,FALSE,TRUE,TRUE,1,185,7,7,7,NA,TRUE,7,7,7,NA,FALSE,7,7,7,1,FALSE
565,5,NA,2_7_4,1,FALSE,TRUE,TRUE,2,870,7,7,7,2,FALSE,7,7,6,NA,FALSE,7,7,7,1,FALSE
565,5,NA,2_7_4,1,FALSE,TRUE,TRUE,4,vero2_7_4,NA,NA,NA,NA,NA,3,7,NA,3,FALSE,2,3,1,5,FALSE
597,5,NA,1_1_5,1,TRUE,TRUE,TRUE,1,241,7,7,7,NA,FALSE,7,7,7,1,TRUE,7,7,7,NA,TRUE
597,5,NA,1_1_5,1,TRUE,TRUE,TRUE,2,718,7,7,7,NA,TRUE,7,7,7,1,TRUE,7,7,7,NA,TRUE
597,5,NA,1_1_5,1,TRUE,TRUE,TRUE,4,vero1_1_5,NA,NA,NA,NA,NA,4,5,6,1,FALSE,6,5,7,NA,FALSE
718,2,NA,1_1_5,1,TRUE,TRUE,TRUE,1,597,7,7,7,NA,TRUE,7,7,7,NA,TRUE,7,7,7,NA,TRUE
718,2,NA,1_1_5,1,TRUE,TRUE,TRUE,2,241,7,7,7,NA,TRUE,7,7,7,NA,TRUE,7,7,7,NA,TRUE
718,2,NA,1_1_5,1,TRUE,TRUE,TRUE,4,vero1_1_5,NA,NA,NA,NA,NA,5,4,5,NA,FALSE,6,5,6,NA,TRUE
241,1,NA,1_1_5,1,FALSE,FALSE,FALSE,1,1,5,5,5,5,TRUE,6,6,6,6,TRUE,6,6,6,5,TRUE
241,1,NA,1_1_5,1,FALSE,FALSE,FALSE,2,2,5,6,5,5,FALSE,6,6,6,NA,FALSE,6,6,6,5,FALSE
241,1,NA,1_1_5,1,FALSE,FALSE,FALSE,4,vero1_1_5,NA,NA,NA,NA,NA,6,6,6,NA,FALSE,4,4,4,4,FALSE
228,4,NA,1_2_5,0,TRUE,TRUE,TRUE,1,982,7,7,7,1,TRUE,7,7,7,7,TRUE,7,7,7,7,TRUE
228,4,NA,1_2_5,0,TRUE,TRUE,TRUE,2,938,7,7,7,1,FALSE,7,7,7,7,FALSE,7,7,7,7,FALSE
228,4,NA,1_2_5,0,TRUE,TRUE,TRUE,4,vero1_2_5,NA,NA,NA,NA,NA,7,7,7,7,TRUE,7,7,7,7,FALSE
982,4,NA,1_2_5,0,TRUE,TRUE,TRUE,1,938,5,7,6,NA,FALSE,7,7,7,NA,FALSE,7,7,7,NA,FALSE
982,4,NA,1_2_5,0,TRUE,TRUE,TRUE,2,228,7,7,7,NA,TRUE,7,7,7,NA,TRUE,7,7,7,NA,TRUE
982,4,NA,1_2_5,0,TRUE,TRUE,TRUE,4,vero1_2_5,NA,NA,NA,NA,NA,7,7,7,NA,TRUE,7,7,7,NA,TRUE
938,4,NA,1_2_5,0,FALSE,FALSE,FALSE,1,228,6,6,6,4,FALSE,7,7,7,7,TRUE,7,7,7,2,FALSE
938,4,NA,1_2_5,0,FALSE,FALSE,FALSE,2,982,6,6,6,4,TRUE,7,7,7,7,FALSE,7,7,7,2,FALSE
938,4,NA,1_2_5,0,FALSE,FALSE,FALSE,4,vero1_2_5,NA,NA,NA,NA,NA,7,7,7,7,FALSE,7,7,7,2,TRUE
431,4,NA,2_3_5,0,TRUE,TRUE,TRUE,1,802,6,6,6,NA,TRUE,6,6,6,1,TRUE,6,6,6,NA,TRUE
431,4,NA,2_3_5,0,TRUE,TRUE,TRUE,2,716,6,6,6,NA,TRUE,6,6,6,NA,TRUE,6,6,6,NA,TRUE
431,4,NA,2_3_5,0,TRUE,TRUE,TRUE,4,vero2_3_5,NA,NA,NA,NA,NA,2,2,NA,6,FALSE,2,2,NA,4,FALSE
716,2,NA,2_3_5,0,TRUE,TRUE,TRUE,1,431,6,6,7,NA,TRUE,7,7,7,1,TRUE,7,7,7,1,TRUE
716,2,NA,2_3_5,0,TRUE,TRUE,TRUE,2,802,6,6,7,NA,TRUE,7,7,7,NA,TRUE,NA,7,7,NA,TRUE
716,2,NA,2_3_5,0,TRUE,TRUE,TRUE,4,vero2_3_5,NA,NA,NA,NA,NA,4,5,6,2,FALSE,3,4,4,2,FALSE
802,4,NA,2_3_5,0,TRUE,TRUE,TRUE,1,716,7,7,7,NA,TRUE,7,7,7,NA,TRUE,7,7,7,NA,TRUE
802,4,NA,2_3_5,0,TRUE,TRUE,TRUE,2,431,7,7,7,NA,TRUE,7,7,7,NA,TRUE,7,7,7,NA,TRUE
802,4,NA,2_3_5,0,TRUE,TRUE,TRUE,4,vero2_3_5,NA,NA,NA,NA,NA,5,6,3,NA,FALSE,4,6,4,NA,FALSE
876,2,NA,2_4_5,0,TRUE,TRUE,TRUE,1,287,7,7,7,NA,FALSE,7,7,7,NA,FALSE,7,7,7,NA,FALSE
876,2,NA,2_4_5,0,TRUE,TRUE,TRUE,2,605,6,7,6,NA,FALSE,7,7,7,NA,TRUE,6,6,7,NA,TRUE
876,2,NA,2_4_5,0,TRUE,TRUE,TRUE,4,vero2_4_5,NA,NA,NA,NA,NA,4,6,5,2,FALSE,4,6,5,2,FALSE
605,4,NA,2_4_5,0,TRUE,TRUE,TRUE,1,876,7,5,7,1,TRUE,7,5,5,1,TRUE,7,5,6,NA,TRUE
605,4,NA,2_4_5,0,TRUE,TRUE,TRUE,2,287,6,6,6,1,FALSE,7,5,5,1,FALSE,7,5,5,NA,TRUE
605,4,NA,2_4_5,0,TRUE,TRUE,TRUE,4,vero2_4_5,NA,NA,NA,NA,NA,2,2,2,6,FALSE,3,2,3,5,TRUE
287,2,NA,2_4_5,0,TRUE,TRUE,TRUE,1,876,7,7,7,NA,TRUE,7,7,7,1,TRUE,7,7,7,NA,TRUE
287,2,NA,2_4_5,0,TRUE,TRUE,TRUE,2,605,7,7,7,NA,TRUE,7,7,7,NA,TRUE,7,7,7,NA,TRUE
287,2,NA,2_4_5,0,TRUE,TRUE,TRUE,4,vero2_4_5,NA,NA,NA,NA,NA,6,7,7,NA,FALSE,7,7,7,NA,TRUE
292,2,NA,3_5_5,1,TRUE,TRUE,TRUE,1,490,7,7,7,NA,TRUE,7,7,7,1,TRUE,7,7,7,NA,TRUE
292,2,NA,3_5_5,1,TRUE,TRUE,TRUE,2,Bruce,3,4,1,NA,FALSE,6,7,7,NA,TRUE,7,7,7,NA,TRUE
292,2,NA,3_5_5,1,TRUE,TRUE,TRUE,4,vero3_5_5,NA,NA,NA,NA,NA,4,2,3,4,FALSE,3,3,3,NA,FALSE
779,4,NA,3_5_1,1,TRUE,TRUE,TRUE,1,Brian,1,1,1,1,FALSE,1,1,1,1,FALSE,1,1,NA,4,FALSE
779,4,NA,3_5_1,1,TRUE,TRUE,TRUE,4,vero3_5_1,NA,NA,NA,NA,NA,6,6,7,1,FALSE,7,7,7,1,FALSE
490,5,NA,3_5_5,1,TRUE,TRUE,TRUE,1,292,7,7,7,1,TRUE,7,7,7,1,TRUE,7,7,7,1,TRUE
490,5,NA,3_5_5,1,TRUE,TRUE,TRUE,2,Bruce,2,2,1,6,FALSE,NA,NA,NA,NA,FALSE,NA,NA,NA,NA,FALSE
490,5,NA,3_5_5,1,TRUE,TRUE,TRUE,4,vero3_5_5,NA,NA,NA,NA,NA,5,3,3,4,FALSE,3,2,1,3,FALSE
167,4,NA,3_6_5,0,TRUE,FALSE,TRUE,1,908,7,7,7,2,FALSE,6,6,7,1,FALSE,6,7,6,2,FALSE
167,4,NA,3_6_5,0,TRUE,FALSE,TRUE,2,983,6,6,6,1,FALSE,6,7,6,1,TRUE,6,7,6,1,FALSE
167,4,NA,3_6_5,0,TRUE,FALSE,TRUE,4,vero3_6_5,NA,NA,NA,NA,NA,6,7,7,1,TRUE,7,7,6,2,TRUE
983,4,NA,3_6_5,0,TRUE,TRUE,TRUE,1,167,6,6,6,1,FALSE,7,6,6,1,TRUE,5,6,5,1,TRUE
983,4,NA,3_6_5,0,TRUE,TRUE,TRUE,2,908,6,7,6,2,FALSE,6,6,6,1,TRUE,6,6,6,NA,TRUE
983,4,NA,3_6_5,0,TRUE,TRUE,TRUE,4,vero3_6_5,NA,NA,NA,NA,NA,7,7,6,1,TRUE,6,7,6,1,TRUE
908,4,NA,3_6_5,0,FALSE,TRUE,FALSE,1,167,7,7,7,7,FALSE,7,7,7,1,FALSE,7,7,7,1,TRUE
908,4,NA,3_6_5,0,FALSE,TRUE,FALSE,2,983,7,7,7,7,TRUE,7,7,7,1,FALSE,7,7,7,1,FALSE
908,4,NA,3_6_5,0,FALSE,TRUE,FALSE,4,vero3_6_5,NA,NA,NA,NA,NA,7,7,7,1,FALSE,7,7,7,1,FALSE
759,1,NA,2_7_5,1,TRUE,TRUE,TRUE,1,955,6,7,7,NA,TRUE,7,7,7,NA,TRUE,7,7,7,NA,TRUE
759,1,NA,2_7_5,1,TRUE,TRUE,TRUE,2,619,2,2,NA,6,FALSE,2,3,3,NA,FALSE,6,7,5,NA,FALSE
759,1,NA,2_7_5,1,TRUE,TRUE,TRUE,4,vero2_7_5,NA,NA,NA,NA,NA,4,3,3,NA,TRUE,3,7,7,NA,TRUE
955,1,NA,2_7_5,1,FALSE,FALSE,FALSE,1,759,7,7,7,1,TRUE,6,6,7,NA,TRUE,7,7,7,NA,TRUE
955,1,NA,2_7_5,1,FALSE,FALSE,FALSE,2,619,5,6,6,NA,FALSE,5,5,6,NA,FALSE,5,6,5,NA,FALSE
955,1,NA,2_7_5,1,FALSE,FALSE,FALSE,4,vero2_7_5,NA,NA,NA,NA,NA,3,4,4,4,FALSE,4,4,4,2,FALSE
619,4,NA,3_8_5,1,NA,FALSE,TRUE,1,955,7,NA,6,3,NA,5,5,4,5,TRUE,5,6,5,2,TRUE
619,4,NA,3_8_5,1,NA,FALSE,TRUE,2,759,6,NA,7,2,NA,5,4,5,4,FALSE,6,7,6,3,TRUE
619,4,NA,3_8_5,1,NA,FALSE,TRUE,4,vero3_8_5,NA,NA,NA,NA,NA,5,5,5,4,FALSE,5,5,4,4,TRUE
608,4,NA,3_8_5,1,NA,NA,NA,1,brian,5,5,5,5,NA,5,6,6,6,NA,6,7,6,6,NA
608,4,NA,3_8_5,1,NA,NA,NA,2,vero,5,5,5,5,NA,5,6,6,6,NA,6,7,7,7,NA
608,4,NA,3_8_5,1,NA,NA,NA,3,8-northwesterners,5,5,5,5,NA,6,6,6,6,NA,6,7,6,7,NA
608,4,NA,3_8_5,1,NA,NA,NA,4,vero3_8_5,NA,NA,NA,NA,NA,6,6,6,6,NA,6,6,7,6,NA
399,4,NA,1_1_6,1,TRUE,TRUE,TRUE,1,429,6,7,7,NA,TRUE,7,6,7,7,TRUE,7,7,7,1,TRUE
399,4,NA,1_1_6,1,TRUE,TRUE,TRUE,2,342 (392),6,7,7,NA,FALSE,5,6,5,6,FALSE,5,6,6,2,FALSE
399,4,NA,1_1_6,1,TRUE,TRUE,TRUE,4,vero1_1_6,NA,NA,NA,NA,NA,7,7,7,7,FALSE,7,7,7,1,FALSE
429,5,NA,1_1_6,1,TRUE,TRUE,TRUE,1,399,7,7,7,NA,TRUE,7,7,7,1,TRUE,7,7,7,NA,TRUE
429,5,NA,1_1_6,1,TRUE,TRUE,TRUE,2,342 (392),7,7,7,NA,FALSE,7,7,7,NA,TRUE,7,7,7,NA,TRUE
429,5,NA,1_1_6,1,TRUE,TRUE,TRUE,4,vero1_1_6,NA,NA,NA,NA,NA,5,6,7,NA,FALSE,6,6,7,NA,FALSE
342 (392),4,NA,1_1_6,1,FALSE,FALSE,FALSE,1,399,6,6,6,NA,TRUE,6,6,6,NA,TRUE,6,7,7,NA,TRUE
342 (392),4,NA,1_1_6,1,FALSE,FALSE,FALSE,2,429,6,6,6,NA,FALSE,6,6,6,NA,FALSE,6,7,7,NA,TRUE
342 (392),4,NA,1_1_6,1,FALSE,FALSE,FALSE,4,vero1_1_6,NA,NA,NA,NA,NA,6,6,6,NA,FALSE,5,6,7,NA,FALSE
383,5,NA,1_2_6,0,TRUE,TRUE,TRUE,1,200,6,7,6,1,TRUE,6,7,7,NA,TRUE,7,7,7,NA,TRUE
383,5,NA,1_2_6,0,TRUE,TRUE,TRUE,4,vero1_2_6,NA,NA,NA,NA,NA,5,6,7,NA,FALSE,6,6,7,NA,FALSE
200,2,NA,1_2_6,0,TRUE,TRUE,TRUE,1,383,7,7,7,1,TRUE,7,7,7,NA,TRUE,7,7,7,1,TRUE
200,2,NA,1_2_6,0,TRUE,TRUE,TRUE,4,vero1_2_6,NA,NA,NA,NA,NA,5,5,7,2,FALSE,4,4,5,2,TRUE
446,4,NA,2_3_6,0,TRUE,TRUE,TRUE,1,425,6,7,6,NA,TRUE,7,7,6,NA,TRUE,7,7,6,NA,TRUE
446,4,NA,2_3_6,0,TRUE,TRUE,TRUE,4,vero2_3_6,NA,NA,NA,NA,NA,3,2,2,4,FALSE,3,2,3,3,FALSE
425,4,NA,2_3_6,0,TRUE,TRUE,TRUE,1,446,7,7,7,NA,TRUE,7,7,7,NA,TRUE,7,7,7,NA,TRUE
425,4,NA,2_3_6,0,TRUE,TRUE,TRUE,4,vero2_3_6,NA,NA,NA,NA,NA,5,5,4,4,FALSE,5,5,5,5,FALSE
522,4,NA,3_4_6,0,TRUE,TRUE,TRUE,1,816,6,5,6,NA,TRUE,6,5,6,1,TRUE,6,5,6,NA,TRUE
522,4,NA,3_4_6,0,TRUE,TRUE,TRUE,4,vero3_4_6,NA,NA,NA,NA,NA,6,5,5,NA,TRUE,6,5,6,NA,FALSE
816,1,NA,3_4_6,0,TRUE,TRUE,TRUE,1,522,6,7,7,5,FALSE,7,6,7,NA,FALSE,7,7,7,NA,FALSE
816,1,NA,3_4_6,0,TRUE,TRUE,TRUE,4,vero3_4_6,NA,NA,NA,NA,NA,5,5,7,NA,FALSE,7,7,6,NA,FALSE
770,4,NA,3_5_6,0,FALSE,FALSE,FALSE,1,296,7,7,7,1,TRUE,6,6,7,NA,TRUE,7,7,7,1,TRUE
770,4,NA,3_5_6,0,FALSE,FALSE,FALSE,4,vero3_5_6,NA,NA,NA,NA,NA,NA,NA,NA,NA,FALSE,NA,6,6,NA,FALSE
296,5,NA,3_5_6,0,TRUE,TRUE,TRUE,1,770,6,6,5,2,TRUE,6,6,6,2,TRUE,6,7,7,2,TRUE
296,5,NA,3_5_6,0,TRUE,TRUE,TRUE,4,vero3_5_6,NA,NA,NA,NA,NA,6,5,6,2,TRUE,6,6,7,2,TRUE
808,4,NA,2_1_9,0,TRUE,TRUE,FALSE,1,758,7,6,7,1,FALSE,7,7,7,1,FALSE,7,7,7,1,TRUE
808,4,NA,2_1_9,0,TRUE,TRUE,FALSE,2,215,6,6,7,1,TRUE,6,6,7,3,TRUE,7,7,7,2,FALSE
808,4,NA,2_1_9,0,TRUE,TRUE,FALSE,4,vero2_1_9,NA,NA,NA,NA,NA,3,3,3,3,TRUE,3,4,4,3,TRUE
215,2,NA,2_1_9,0,FALSE,FALSE,TRUE,1,758,6,7,6,NA,FALSE,6,7,6,NA,FALSE,7,7,7,NA,TRUE
215,2,NA,2_1_9,0,FALSE,FALSE,TRUE,2,808,7,7,7,NA,TRUE,6,7,7,NA,TRUE,7,7,7,NA,TRUE
215,2,NA,2_1_9,0,FALSE,FALSE,TRUE,4,vero2_1_9,NA,NA,NA,NA,NA,NA,NA,NA,7,FALSE,2,2,1,7,FALSE
758,5,NA,2_1_9,0,TRUE,TRUE,TRUE,1,808,7,7,7,7,TRUE,7,7,NA,1,TRUE,7,7,7,NA,TRUE
758,5,NA,2_1_9,0,TRUE,TRUE,TRUE,2,215,7,7,7,7,TRUE,7,7,NA,NA,TRUE,7,7,7,NA,TRUE
758,5,NA,2_1_9,0,TRUE,TRUE,TRUE,4,vero2_1_9,NA,NA,NA,NA,NA,5,4,NA,NA,FALSE,4,5,4,NA,FALSE
568,4,NA,2_2_9,0,TRUE,TRUE,TRUE,1,280,7,7,7,NA,FALSE,7,7,7,NA,FALSE,7,7,7,NA,FALSE
568,4,NA,2_2_9,0,TRUE,TRUE,TRUE,2,624,7,7,7,NA,FALSE,7,7,7,NA,FALSE,7,7,7,NA,FALSE
568,4,NA,2_2_9,0,TRUE,TRUE,TRUE,4,vero2_2_9,NA,NA,NA,NA,NA,2,NA,2,7,FALSE,NA,NA,NA,6,FALSE
624,2,NA,2_2_9,0,TRUE,TRUE,FALSE,1,280,7,7,6,1,TRUE,7,7,7,1,TRUE,7,7,7,NA,TRUE
624,2,NA,2_2_9,0,TRUE,TRUE,FALSE,2,568,7,7,6,NA,TRUE,7,7,7,1,TRUE,7,7,7,NA,TRUE
624,2,NA,2_2_9,0,TRUE,TRUE,FALSE,4,vero2_2_9,NA,NA,NA,NA,NA,1,NA,NA,6,FALSE,NA,NA,NA,6,FALSE
280,5,NA,2_2_9,0,TRUE,TRUE,TRUE,1,568,6,6,6,1,TRUE,6,6,6,1,TRUE,6,7,6,NA,TRUE
280,5,NA,2_2_9,0,TRUE,TRUE,TRUE,2,624,5,5,5,2,FALSE,5,5,5,2,FALSE,5,6,5,2,FALSE
280,5,NA,2_2_9,0,TRUE,TRUE,TRUE,4,vero2_2_9,NA,NA,NA,NA,NA,2,2,2,5,FALSE,2,2,2,6,FALSE
647,4,NA,3_3_9,0,TRUE,TRUE,TRUE,1,956 (160),7,7,6,1,FALSE,7,7,7,NA,FALSE,7,7,6,NA,FALSE
647,4,NA,3_3_9,0,TRUE,TRUE,TRUE,2,117,7,7,7,NA,TRUE,7,7,7,NA,TRUE,7,7,7,NA,TRUE
647,4,NA,3_3_9,0,TRUE,TRUE,TRUE,4,vero3_3_9,NA,NA,NA,NA,NA,7,6,7,2,TRUE,7,7,7,2,FALSE
117,4,NA,3_3_9,0,TRUE,TRUE,TRUE,1,647,5,5,6,1,TRUE,5,5,6,NA,TRUE,5,6,6,NA,TRUE
117,4,NA,3_3_9,0,TRUE,TRUE,TRUE,2,956 (160),3,5,3,5,FALSE,2,2,2,4,FALSE,2,3,2,4,FALSE
117,4,NA,3_3_9,0,TRUE,TRUE,TRUE,4,vero3_3_9,NA,NA,NA,NA,NA,4,4,5,2,TRUE,4,2,4,3,TRUE
956 (160),4,NA,3_3_9,0,FALSE,FALSE,FALSE,1,117,7,7,7,1,TRUE,6,7,7,1,FALSE,7,7,7,1,FALSE
956 (160),4,NA,3_3_9,0,FALSE,FALSE,FALSE,2,647,7,7,7,1,FALSE,6,7,7,1,FALSE,7,7,7,1,FALSE
956 (160),4,NA,3_3_9,0,FALSE,FALSE,FALSE,4,vero3_3_9,NA,NA,NA,NA,NA,7,7,7,1,TRUE,7,7,7,1,TRUE
582,2,NA,3_4_9,0,TRUE,NA,TRUE,1,502,6,5,4,NA,FALSE,6,7,6,NA,NA,6,6,7,NA,TRUE
582,2,NA,3_4_9,0,TRUE,NA,TRUE,2,372,5,6,6,1,TRUE,6,7,6,1,NA,6,7,7,1,TRUE
582,2,NA,3_4_9,0,TRUE,NA,TRUE,4,vero3_4_9,NA,NA,NA,NA,NA,3,NA,2,6,NA,2,3,3,6,FALSE
372,2,NA,3_4_9,0,TRUE,TRUE,TRUE,1,582,6,7,7,1,TRUE,7,7,7,2,TRUE,7,7,7,1,TRUE
372,2,NA,3_4_9,0,TRUE,TRUE,TRUE,2,502,5,7,6,1,TRUE,7,7,7,2,TRUE,7,7,7,1,TRUE
372,2,NA,3_4_9,0,TRUE,TRUE,TRUE,4,vero3_4_9,NA,NA,NA,NA,NA,2,2,2,2,FALSE,1,1,1,5,FALSE
502,5,NA,3_4_9,0,FALSE,FALSE,FALSE,1,372,6,7,7,1,TRUE,7,7,7,1,TRUE,7,7,NA,1,TRUE
502,5,NA,3_4_9,0,FALSE,FALSE,FALSE,2,582,6,7,7,NA,FALSE,7,7,7,NA,FALSE,7,7,NA,NA,FALSE
502,5,NA,3_4_9,0,FALSE,FALSE,FALSE,4,vero3_4_9,NA,NA,NA,NA,NA,3,2,2,3,FALSE,2,4,NA,2,FALSE
786,5,NA,1_5_9,0,TRUE,TRUE,TRUE,1,954,7,6,7,NA,TRUE,7,7,7,NA,TRUE,7,7,7,NA,TRUE
786,5,NA,1_5_9,0,TRUE,TRUE,TRUE,4,vero1_5_9,NA,NA,NA,NA,NA,5,6,5,NA,FALSE,6,5,6,NA,FALSE
954,2,NA,1_5_9,0,TRUE,TRUE,TRUE,1,786,7,7,7,1,FALSE,7,7,7,NA,TRUE,7,7,7,NA,TRUE
954,2,NA,1_5_9,0,TRUE,TRUE,TRUE,4,vero1_5_9,NA,NA,NA,NA,NA,2,5,2,4,FALSE,2,3,2,3,FALSE
627,2,NA,3_6_9,0,TRUE,TRUE,TRUE,1,676,5,6,6,2,FALSE,NA,NA,NA,NA,FALSE,NA,NA,NA,NA,FALSE
627,2,NA,3_6_9,0,TRUE,TRUE,TRUE,4,vero3_6_9,NA,NA,NA,NA,NA,4,4,3,2,FALSE,4,5,5,2,TRUE
676,4,NA,3_6_9,0,FALSE,TRUE,TRUE,1,627,7,7,7,1,TRUE,7,7,7,1,FALSE,7,7,7,1,TRUE
676,4,NA,3_6_9,0,FALSE,TRUE,TRUE,4,vero3_6_9,NA,NA,NA,NA,NA,7,7,7,1,FALSE,7,7,7,1,TRUE
112,5,NA,2_1_11,0,TRUE,TRUE,TRUE,1,781,4,4,4,2,TRUE,4,4,5,3,TRUE,4,4,4,2,TRUE
112,5,NA,2_1_11,0,TRUE,TRUE,TRUE,4,vero2_1_11,NA,NA,NA,NA,NA,NA,4,2,5,FALSE,2,3,2,4,FALSE
781,5,NA,2_1_11,0,TRUE,TRUE,TRUE,1,112,5,6,7,NA,FALSE,7,7,7,NA,FALSE,7,7,7,1,TRUE
781,5,NA,2_1_11,0,TRUE,TRUE,TRUE,4,vero2_1_11,NA,NA,NA,NA,NA,2,2,3,NA,FALSE,2,2,3,NA,FALSE
115,5,NA,2_2_11,0,TRUE,TRUE,TRUE,1,282,6,6,6,1,TRUE,6,6,6,NA,TRUE,6,6,6,1,TRUE
115,5,NA,2_2_11,0,TRUE,TRUE,TRUE,4,vero2_2_11,NA,NA,NA,NA,NA,3,4,4,1,TRUE,3,5,3,1,TRUE
282,5,NA,2_2_11,0,TRUE,TRUE,TRUE,1,115,7,7,6,1,TRUE,7,7,7,1,TRUE,7,7,7,1,TRUE
282,5,NA,2_2_11,0,TRUE,TRUE,TRUE,4,vero2_2_11,NA,NA,NA,NA,NA,NA,NA,7,NA,TRUE,7,7,7,NA,TRUE
395,4,NA,1_3_11,0,TRUE,TRUE,TRUE,1,825,6,6,6,NA,TRUE,5,6,5,2,TRUE,6,6,6,NA,TRUE
395,4,NA,1_3_11,0,TRUE,TRUE,TRUE,4,vero1_3_11,NA,NA,NA,NA,NA,6,5,6,4,TRUE,6,5,6,1,TRUE
825,4,NA,1_3_11,0,TRUE,TRUE,TRUE,1,395,7,7,7,NA,TRUE,7,7,7,NA,TRUE,7,7,7,NA,TRUE
825,4,NA,1_3_11,0,TRUE,TRUE,TRUE,4,vero1_3_11,NA,NA,NA,NA,NA,NA,7,7,NA,TRUE,7,7,7,NA,TRUE
574,4,NA,1_1_12,0,TRUE,TRUE,TRUE,1,172,7,7,7,NA,TRUE,7,7,7,NA,TRUE,7,7,7,NA,TRUE
574,4,NA,1_1_12,0,TRUE,TRUE,TRUE,4,vero1_1_12,NA,NA,NA,NA,NA,6,6,7,NA,FALSE,6,6,6,NA,FALSE
172,5,NA,1_1_12,0,FALSE,FALSE,TRUE,1,574,7,7,7,NA,TRUE,7,7,7,NA,TRUE,7,7,7,NA,TRUE
172,5,NA,1_1_12,0,FALSE,FALSE,TRUE,4,vero1_1_12,NA,NA,NA,NA,NA,6,4,6,NA,FALSE,5,5,6,NA,FALSE
226,4,NA,2_2_12,0,TRUE,TRUE,TRUE,1,769 (840),6,7,5,1,TRUE,7,7,6,1,TRUE,7,7,6,1,TRUE
226,4,NA,2_2_12,0,TRUE,TRUE,TRUE,2,685,6,7,5,1,TRUE,7,7,6,1,TRUE,7,7,6,1,TRUE
226,4,NA,2_2_12,0,TRUE,TRUE,TRUE,4,vero2_2_12,NA,NA,NA,NA,NA,3,2,1,1,FALSE,2,2,1,1,FALSE
769 (840),5,NA,2_2_12,0,TRUE,TRUE,TRUE,1,226,7,7,7,NA,TRUE,7,7,7,NA,TRUE,7,7,7,NA,TRUE
769 (840),5,NA,2_2_12,0,TRUE,TRUE,TRUE,2,685,6,7,7,NA,TRUE,7,7,7,NA,TRUE,7,7,7,NA,TRUE
769 (840),5,NA,2_2_12,0,TRUE,TRUE,TRUE,4,vero2_2_12,NA,NA,NA,NA,NA,5,2,3,3,FALSE,5,3,3,3,FALSE
685,4,NA,2_2_12,0,TRUE,TRUE,TRUE,1,226,7,6,6,NA,TRUE,7,6,7,NA,TRUE,7,6,7,NA,TRUE
685,4,NA,2_2_12,0,TRUE,TRUE,TRUE,2,769 (840),7,6,6,NA,TRUE,7,6,7,NA,TRUE,7,6,7,NA,TRUE
685,4,NA,2_2_12,0,TRUE,TRUE,TRUE,4,vero2_2_12,NA,NA,NA,NA,NA,1,NA,NA,7,FALSE,NA,NA,NA,6,FALSE
428,4,NA,2_3_12,0,TRUE,TRUE,TRUE,1,140,5,6,6,1,FALSE,7,7,7,NA,FALSE,7,7,7,NA,FALSE
428,4,NA,2_3_12,0,TRUE,TRUE,TRUE,2,168,5,6,6,NA,FALSE,7,7,7,1,FALSE,7,7,7,NA,FALSE
428,4,NA,2_3_12,0,TRUE,TRUE,TRUE,4,vero2_3_12,NA,NA,NA,NA,NA,3,3,3,6,FALSE,NA,NA,3,5,FALSE
140,2,NA,2_3_12,0,FALSE,FALSE,FALSE,1,168,7,7,7,1,FALSE,7,7,7,1,FALSE,7,7,7,1,FALSE
140,2,NA,2_3_12,0,FALSE,FALSE,FALSE,2,428,7,7,7,1,TRUE,7,7,7,1,TRUE,7,7,7,1,TRUE
140,2,NA,2_3_12,0,FALSE,FALSE,FALSE,4,vero2_3_12,NA,NA,NA,NA,NA,4,5,3,4,FALSE,4,6,4,3,FALSE
168,5,NA,2_3_12,0,FALSE,TRUE,TRUE,1,428,7,7,7,1,TRUE,7,7,7,NA,TRUE,7,7,7,NA,TRUE
168,5,NA,2_3_12,0,FALSE,TRUE,TRUE,2,140,7,6,7,1,FALSE,7,7,7,NA,TRUE,7,7,7,NA,TRUE
168,5,NA,2_3_12,0,FALSE,TRUE,TRUE,4,vero2_3_12,NA,NA,NA,NA,NA,NA,NA,NA,7,FALSE,NA,NA,NA,7,FALSE
691,2,NA,3_4_12,0,TRUE,TRUE,TRUE,1,114,5,5,6,2,TRUE,5,5,5,2,TRUE,6,6,5,2,TRUE
691,2,NA,3_4_12,0,TRUE,TRUE,TRUE,4,vero3_4_12,NA,NA,NA,NA,NA,NA,NA,NA,NA,FALSE,3,5,4,2,FALSE
114,1,NA,3_4_12,0,TRUE,TRUE,TRUE,1,691,6,5,6,1,FALSE,6,5,7,1,TRUE,7,6,7,1,TRUE
114,1,NA,3_4_12,0,TRUE,TRUE,TRUE,4,vero3_4_12,NA,NA,NA,NA,NA,2,1,1,4,FALSE,1,2,1,6,FALSE
652,4,NA,3_5_12,0,TRUE,TRUE,TRUE,1,683,7,7,7,1,TRUE,7,7,7,NA,TRUE,7,7,6,NA,TRUE
652,4,NA,3_5_12,0,TRUE,TRUE,TRUE,4,vero3_5_12,NA,NA,NA,NA,NA,5,6,6,2,TRUE,7,7,7,2,TRUE
683,4,NA,3_5_12,0,TRUE,TRUE,TRUE,1,652,7,7,7,7,TRUE,7,7,7,7,TRUE,7,7,7,7,TRUE
683,4,NA,3_5_12,0,TRUE,TRUE,TRUE,4,vero3_5_12,NA,NA,NA,NA,NA,7,7,7,7,TRUE,7,7,7,7,TRUE
208,1,NA,3_6_12,0,TRUE,TRUE,TRUE,1,147 (175),6,6,5,NA,FALSE,6,6,6,NA,TRUE,6,6,6,NA,TRUE
208,1,NA,3_6_12,0,TRUE,TRUE,TRUE,4,vero3_6_12,NA,NA,NA,NA,NA,4,5,6,NA,TRUE,5,5,5,NA,TRUE
147 (175),5,NA,3_6_12,0,TRUE,TRUE,FALSE,1,208,5,5,5,2,TRUE,4,5,5,1,TRUE,5,6,5,NA,FALSE
147 (175),5,NA,3_6_12,0,TRUE,TRUE,FALSE,4,vero3_6_12,NA,NA,NA,NA,NA,5,5,5,2,TRUE,7,6,7,NA,TRUE
139,5,NA,3_7_12,0,FALSE,FALSE,FALSE,1,149,5,7,6,1,FALSE,7,7,6,1,TRUE,7,7,7,NA,TRUE
139,5,NA,3_7_12,0,FALSE,FALSE,FALSE,4,vero3_7_12,NA,NA,NA,NA,NA,3,3,3,1,FALSE,5,6,7,NA,FALSE
149,4,NA,3_7_12,0,TRUE,TRUE,TRUE,1,139,7,7,7,1,FALSE,7,7,7,NA,TRUE,7,7,7,NA,TRUE
149,4,NA,3_7_12,0,TRUE,TRUE,TRUE,4,vero3_7_12,NA,NA,NA,NA,NA,5,5,7,3,TRUE,5,5,7,3,TRUE
128,2,NA,1_8_12,0,TRUE,TRUE,TRUE,1,290,7,7,7,1,FALSE,7,7,7,1,FALSE,7,7,7,7,FALSE
128,2,NA,1_8_12,0,TRUE,TRUE,TRUE,4,vero1_8_12,NA,NA,NA,NA,NA,7,6,7,2,FALSE,5,6,7,7,FALSE
290,5,NA,1_8_12,0,TRUE,TRUE,TRUE,1,128,5,6,5,3,TRUE,5,6,5,2,TRUE,5,6,5,2,TRUE
290,5,NA,1_8_12,0,TRUE,TRUE,TRUE,4,vero1_8_12,NA,NA,NA,NA,NA,5,5,5,2,FALSE,3,3,4,3,FALSE
155,5,NA,3_1_7,0,TRUE,TRUE,TRUE,1,448,3,3,3,1,TRUE,4,4,4,1,TRUE,4,4,4,1,TRUE
155,5,NA,3_1_7,0,TRUE,TRUE,TRUE,2,714,3,3,3,1,FALSE,4,4,4,1,TRUE,4,4,4,1,TRUE
155,5,NA,3_1_7,0,TRUE,TRUE,TRUE,4,vero3_1_7,NA,NA,NA,NA,NA,4,4,4,1,TRUE,4,4,4,1,TRUE
714,5,NA,3_1_7,0,TRUE,TRUE,TRUE,1,155,6,5,7,4,TRUE,7,7,7,1,TRUE,7,6,7,1,TRUE
714,5,NA,3_1_7,0,TRUE,TRUE,TRUE,2,448,5,6,6,4,FALSE,7,7,7,1,TRUE,7,6,7,1,TRUE
714,5,NA,3_1_7,0,TRUE,TRUE,TRUE,4,vero3_1_7,NA,NA,NA,NA,NA,7,7,7,1,FALSE,7,6,7,1,FALSE
448,4,NA,3_1_7,0,FALSE,FALSE,FALSE,1,155,7,7,7,1,TRUE,7,6,6,1,FALSE,7,7,7,1,FALSE
448,4,NA,3_1_7,0,FALSE,FALSE,FALSE,2,714,7,5,6,2,FALSE,7,6,6,1,TRUE,7,7,7,1,TRUE
448,4,NA,3_1_7,0,FALSE,FALSE,FALSE,4,vero3_1_7,NA,NA,NA,NA,NA,4,4,5,2,FALSE,4,5,6,2,FALSE
773,5,NA,1_2_7,0,TRUE,TRUE,TRUE,1,516,7,7,7,1,TRUE,7,7,7,1,TRUE,7,7,7,NA,TRUE
773,5,NA,1_2_7,0,TRUE,TRUE,TRUE,4,vero1_2_7,NA,NA,NA,NA,NA,5,5,5,2,FALSE,6,6,6,2,FALSE
516,5,NA,1_2_7,0,FALSE,FALSE,TRUE,1,773,6,6,6,2,TRUE,7,7,6,3,FALSE,6,7,7,1,FALSE
516,5,NA,1_2_7,0,FALSE,FALSE,TRUE,4,vero1_2_7,NA,NA,NA,NA,NA,NA,6,6,2,TRUE,5,5,5,3,FALSE
613,1,NA,1_3_7,0,TRUE,TRUE,TRUE,1,830,5,6,6,2,FALSE,6,6,6,NA,FALSE,5,4,5,2,FALSE
613,1,NA,1_3_7,0,TRUE,TRUE,TRUE,2,242,6,6,6,2,FALSE,6,6,6,NA,FALSE,5,5,5,NA,FALSE
613,1,NA,1_3_7,0,TRUE,TRUE,TRUE,4,vero1_3_7,NA,NA,NA,NA,NA,7,5,7,NA,FALSE,5,5,6,2,FALSE
242,2,NA,1_3_7,0,FALSE,FALSE,FALSE,1,613,7,6,7,NA,TRUE,7,7,7,NA,TRUE,7,7,7,NA,TRUE
242,2,NA,1_3_7,0,FALSE,FALSE,FALSE,2,830,7,7,4,NA,FALSE,7,7,7,NA,FALSE,7,7,7,NA,FALSE
242,2,NA,1_3_7,0,FALSE,FALSE,FALSE,4,vero1_3_7,NA,NA,NA,NA,NA,7,7,6,NA,FALSE,7,7,7,NA,FALSE
830,4,NA,1_3_7,0,FALSE,TRUE,TRUE,1,242,7,7,7,1,FALSE,7,7,7,1,TRUE,7,7,7,1,TRUE
830,4,NA,1_3_7,0,FALSE,TRUE,TRUE,2,613,7,7,7,1,TRUE,7,7,7,1,TRUE,7,7,7,1,TRUE
830,4,NA,1_3_7,0,FALSE,TRUE,TRUE,4,vero1_3_7,NA,NA,NA,NA,NA,5,6,6,3,FALSE,5,6,5,3,FALSE
523,5,NA,1_4_7,0,TRUE,FALSE,TRUE,1,348,6,7,7,NA,TRUE,6,7,7,NA,TRUE,7,7,7,NA,TRUE
523,5,NA,1_4_7,0,TRUE,FALSE,TRUE,2,491,6,7,7,NA,TRUE,6,7,7,NA,TRUE,7,7,7,NA,TRUE
523,5,NA,1_4_7,0,TRUE,FALSE,TRUE,4,vero1_4_7,NA,NA,NA,NA,NA,6,5,7,NA,TRUE,7,7,7,NA,TRUE
491,5,NA,1_4_7,0,FALSE,FALSE,FALSE,1,523,6,7,7,1,TRUE,7,7,7,1,TRUE,7,7,7,1,TRUE
491,5,NA,1_4_7,0,FALSE,FALSE,FALSE,2,348,6,7,7,1,TRUE,7,7,7,1,FALSE,7,7,6,1,FALSE
491,5,NA,1_4_7,0,FALSE,FALSE,FALSE,4,vero1_4_7,NA,NA,NA,NA,NA,6,7,7,1,FALSE,6,7,6,1,FALSE
348,5,NA,1_4_7,0,FALSE,TRUE,TRUE,1,523,6,6,6,NA,TRUE,6,6,6,NA,TRUE,7,7,7,NA,TRUE
348,5,NA,1_4_7,0,FALSE,TRUE,TRUE,2,491,4,4,6,3,FALSE,6,6,6,2,FALSE,6,6,6,NA,FALSE
348,5,NA,1_4_7,0,FALSE,TRUE,TRUE,4,vero1_4_7,NA,NA,NA,NA,NA,5,5,5,NA,FALSE,5,5,5,NA,FALSE
262,4,NA,1_5_7,0,TRUE,FALSE,FALSE,1,298,7,7,7,7,TRUE,7,7,7,7,TRUE,7,7,7,7,TRUE
262,4,NA,1_5_7,0,TRUE,FALSE,FALSE,4,vero1_5_7,NA,NA,NA,NA,NA,NA,NA,NA,NA,FALSE,NA,NA,NA,NA,FALSE
298,2,NA,1_5_7,0,TRUE,TRUE,FALSE,1,262,5,6,6,1,FALSE,6,6,6,2,FALSE,6,6,6,1,TRUE
298,2,NA,1_5_7,0,TRUE,TRUE,FALSE,4,vero1_5_7,NA,NA,NA,NA,NA,5,4,5,5,FALSE,5,5,5,2,FALSE
249,1,NA,1_6_7,0,TRUE,TRUE,TRUE,1,990,7,7,7,7,TRUE,7,7,7,7,TRUE,7,7,7,7,TRUE
249,1,NA,1_6_7,0,TRUE,TRUE,TRUE,4,vero1_6_7,NA,NA,NA,NA,NA,NA,NA,NA,NA,TRUE,NA,NA,NA,7,TRUE
990,4,NA,1_6_7,0,TRUE,TRUE,TRUE,1,249,5,7,NA,1,FALSE,4,5,4,4,FALSE,4,5,4,3,FALSE
990,4,NA,1_6_7,0,TRUE,TRUE,TRUE,4,vero1_6_7,NA,NA,NA,NA,NA,5,2,5,7,FALSE,5,4,5,7,FALSE
386,5,NA,2_7_7,0,FALSE,TRUE,TRUE,1,985,7,7,7,7,TRUE,7,7,7,NA,FALSE,7,7,7,1,FALSE
386,5,NA,2_7_7,0,FALSE,TRUE,TRUE,4,vero2_7_7,NA,NA,NA,NA,NA,4,7,4,3,FALSE,4,4,5,3,FALSE
985,4,NA,2_7_7,0,FALSE,TRUE,TRUE,1,386,5,6,5,NA,FALSE,5,5,5,1,TRUE,5,5,5,1,TRUE
985,4,NA,2_7_7,0,FALSE,TRUE,TRUE,4,vero2_7_7,NA,NA,NA,NA,NA,2,1,NA,3,FALSE,NA,NA,NA,3,FALSE
906,2,NA,2_8_7,0,TRUE,TRUE,TRUE,1,965,7,7,7,NA,TRUE,7,7,7,NA,TRUE,7,7,7,NA,TRUE
906,2,NA,2_8_7,0,TRUE,TRUE,TRUE,4,vero2_8_7,NA,NA,NA,NA,NA,3,2,2,3,FALSE,3,2,3,2,FALSE
965,5,NA,2_8_7,0,TRUE,TRUE,TRUE,1,906,7,6,6,1,TRUE,6,6,6,1,TRUE,7,6,6,1,TRUE
965,5,NA,2_8_7,0,TRUE,TRUE,TRUE,4,vero2_8_7,NA,NA,NA,NA,NA,5,6,5,2,FALSE,6,6,5,1,TRUE
630,5,NA,2_9_7,0,TRUE,TRUE,TRUE,1,637,7,7,7,1,TRUE,7,7,7,1,TRUE,7,7,7,NA,TRUE
630,5,NA,2_9_7,0,TRUE,TRUE,TRUE,4,vero2_9_7,NA,NA,NA,NA,NA,NA,2,2,4,FALSE,NA,NA,2,6,FALSE
637,4,NA,2_9_7,0,TRUE,TRUE,TRUE,1,630,7,7,7,1,TRUE,7,7,7,1,TRUE,7,7,7,1,TRUE
637,4,NA,2_9_7,0,TRUE,TRUE,TRUE,4,vero2_9_7,NA,NA,NA,NA,NA,2,2,1,4,FALSE,1,1,2,3,FALSE
514,4,NA,2_10_7,0,TRUE,TRUE,TRUE,1,539,7,7,7,1,TRUE,7,7,7,NA,TRUE,7,7,7,NA,TRUE
514,4,NA,2_10_7,0,TRUE,TRUE,TRUE,4,vero2_10_7,NA,NA,NA,NA,NA,2,2,2,6,FALSE,2,NA,NA,4,FALSE
539,2,NA,2_10_7,0,FALSE,FALSE,FALSE,1,514,6,7,7,1,TRUE,7,7,7,1,FALSE,7,7,7,6,TRUE
539,2,NA,2_10_7,0,FALSE,FALSE,FALSE,4,vero2_10_7,NA,NA,NA,NA,NA,3,5,6,4,TRUE,3,4,2,4,FALSE
190,4,NA,3_1_8,0,TRUE,TRUE,TRUE,1,430,7,7,7,7,TRUE,7,7,7,1,TRUE,7,7,7,1,TRUE
190,4,NA,3_1_8,0,TRUE,TRUE,TRUE,2,761,7,7,7,7,FALSE,7,7,7,1,TRUE,7,7,7,NA,TRUE
190,4,NA,3_1_8,0,TRUE,TRUE,TRUE,4,vero3_1_8,NA,NA,NA,NA,NA,6,5,7,NA,TRUE,7,7,7,NA,TRUE
761,5,NA,3_1_8,0,FALSE,FALSE,FALSE,1,430,6,6,6,1,TRUE,6,6,7,1,TRUE,7,7,7,1,TRUE
761,5,NA,3_1_8,0,FALSE,FALSE,FALSE,2,190,6,6,6,1,FALSE,6,6,7,1,FALSE,7,7,7,1,FALSE
761,5,NA,3_1_8,0,FALSE,FALSE,FALSE,4,vero3_1_8,NA,NA,NA,NA,NA,4,6,5,1,FALSE,5,6,5,1,FALSE
430,1,NA,3_1_8,0,TRUE,FALSE,FALSE,1,761,6,6,6,NA,FALSE,6,6,6,NA,TRUE,6,6,6,NA,TRUE
430,1,NA,3_1_8,0,TRUE,FALSE,FALSE,2,190,6,6,6,NA,FALSE,6,6,6,NA,FALSE,6,6,6,NA,FALSE
430,1,NA,3_1_8,0,TRUE,FALSE,FALSE,4,vero3_1_8,NA,NA,NA,NA,NA,5,4,5,5,FALSE,5,2,5,4,FALSE
975,5,NA,1_2_8,0,TRUE,TRUE,TRUE,1,711,7,7,7,1,TRUE,7,7,7,NA,TRUE,6,6,6,NA,TRUE
975,5,NA,1_2_8,0,TRUE,TRUE,TRUE,4,vero1_2_8,NA,NA,NA,NA,NA,7,6,7,5,FALSE,3,2,3,6,FALSE
711,5,NA,1_2_8,0,TRUE,TRUE,TRUE,1,975,6,6,6,1,TRUE,6,6,6,NA,TRUE,6,6,6,NA,TRUE
711,5,NA,1_2_8,0,TRUE,TRUE,TRUE,2,AI,NA,NA,NA,NA,FALSE,NA,NA,NA,NA,FALSE,NA,NA,NA,NA,FALSE
711,5,NA,1_2_8,0,TRUE,TRUE,TRUE,4,vero1_2_8,NA,NA,NA,NA,NA,4,4,6,NA,TRUE,4,5,4,NA,FALSE
891,5,NA,1_3_8,0,FALSE,TRUE,TRUE,1,680,4,4,3,1,TRUE,4,3,3,1,TRUE,4,3,3,4,TRUE
891,5,NA,1_3_8,0,FALSE,TRUE,TRUE,4,vero1_3_8,NA,NA,NA,NA,NA,NA,NA,NA,NA,FALSE,NA,NA,NA,NA,FALSE
680,5,NA,1_3_8,0,TRUE,TRUE,TRUE,1,891,7,7,7,1,TRUE,7,7,7,NA,TRUE,7,7,7,1,TRUE
680,5,NA,1_3_8,0,TRUE,TRUE,TRUE,4,vero1_3_8,NA,NA,NA,NA,NA,2,2,2,3,FALSE,2,2,2,6,FALSE
888,5,NA,1_4_8,0,TRUE,TRUE,TRUE,1,882,6,6,6,1,TRUE,6,6,6,1,TRUE,6,6,6,1,TRUE
888,5,NA,1_4_8,0,TRUE,TRUE,TRUE,2,501 (510),6,6,6,1,FALSE,6,6,6,NA,TRUE,6,6,6,1,TRUE
888,5,NA,1_4_8,0,TRUE,TRUE,TRUE,4,vero1_4_8,NA,NA,NA,NA,NA,5,5,5,2,FALSE,5,4,5,2,FALSE
882,5,NA,1_4_8,0,FALSE,TRUE,FALSE,1,888,7,7,7,1,TRUE,7,7,7,NA,TRUE,7,7,7,NA,TRUE
882,5,NA,1_4_8,0,FALSE,TRUE,FALSE,2,501 (510),4,5,5,3,FALSE,5,6,7,1,FALSE,5,6,6,NA,FALSE
882,5,NA,1_4_8,0,FALSE,TRUE,FALSE,4,vero1_4_8,NA,NA,NA,NA,NA,6,6,7,2,FALSE,7,6,7,2,TRUE
501 (510),5,NA,1_4_8,0,FALSE,FALSE,FALSE,1,888,5,4,5,NA,TRUE,6,6,6,NA,TRUE,7,6,6,NA,TRUE
501 (510),5,NA,1_4_8,0,FALSE,FALSE,FALSE,2,882,5,5,4,NA,FALSE,6,6,5,NA,FALSE,7,6,6,NA,FALSE
501 (510),5,NA,1_4_8,0,FALSE,FALSE,FALSE,4,vero1_4_8,NA,NA,NA,NA,NA,5,5,4,NA,FALSE,5,4,4,NA,FALSE
192,5,NA,1_5_8,0,TRUE,TRUE,TRUE,1,113,7,7,7,1,TRUE,7,7,7,NA,TRUE,7,7,7,NA,TRUE
192,5,NA,1_5_8,0,TRUE,TRUE,TRUE,4,vero1_5_8,NA,NA,NA,NA,NA,5,3,6,1,FALSE,5,4,6,1,FALSE
113,5,NA,1_5_8,0,TRUE,TRUE,TRUE,1,192,7,7,7,1,TRUE,7,7,7,1,TRUE,7,7,7,NA,TRUE
113,5,NA,1_5_8,0,TRUE,TRUE,TRUE,4,vero1_5_8,NA,NA,NA,NA,NA,5,4,5,1,FALSE,5,4,5,NA,FALSE
560,4,NA,1_6_8,0,TRUE,TRUE,TRUE,1,552,7,NA,NA,1,TRUE,7,7,7,1,TRUE,7,7,7,NA,TRUE
560,4,NA,1_6_8,0,TRUE,TRUE,TRUE,4,vero1_6_8,NA,NA,NA,NA,NA,7,7,7,NA,FALSE,7,7,7,NA,TRUE
552,5,NA,1_6_8,0,TRUE,TRUE,TRUE,1,560,7,6,7,1,TRUE,7,7,7,1,TRUE,7,7,7,1,TRUE
552,5,NA,1_6_8,0,TRUE,TRUE,TRUE,4,vero1_6_8,NA,NA,NA,NA,NA,4,5,4,3,FALSE,6,4,5,3,FALSE
493,2,NA,2_7_8,0,TRUE,TRUE,TRUE,1,219,6,6,6,NA,TRUE,6,6,6,1,TRUE,6,6,6,1,TRUE
493,2,NA,2_7_8,0,TRUE,TRUE,TRUE,4,vero2_7_8,NA,NA,NA,NA,NA,2,2,1,2,FALSE,2,2,1,2,FALSE
219,5,NA,2_7_8,0,TRUE,TRUE,TRUE,1,493,7,6,7,NA,TRUE,6,7,7,6,TRUE,7,7,7,1,TRUE
219,5,NA,2_7_8,0,TRUE,TRUE,TRUE,4,vero2_7_8,NA,NA,NA,NA,NA,4,5,4,4,TRUE,4,6,5,3,TRUE
727,4,NA,2_8_8,0,TRUE,TRUE,TRUE,1,319,7,7,7,NA,TRUE,7,7,7,1,TRUE,7,7,7,1,TRUE
727,4,NA,2_8_8,0,TRUE,TRUE,TRUE,4,vero2_8_8,NA,NA,NA,NA,NA,4,3,4,2,FALSE,4,3,2,2,FALSE
319,1,NA,2_8_8,0,TRUE,TRUE,TRUE,1,727,7,7,7,1,TRUE,7,7,7,1,TRUE,7,7,7,1,TRUE
319,1,NA,2_8_8,0,TRUE,TRUE,TRUE,4,vero2_8_8,NA,NA,NA,NA,NA,3,4,4,2,FALSE,5,4,4,3,FALSE
760,5,NA,2_9_8,0,TRUE,TRUE,TRUE,1,109,6,6,6,NA,TRUE,7,7,7,NA,TRUE,7,7,7,1,TRUE
760,5,NA,2_9_8,0,TRUE,TRUE,TRUE,4,vero2_9_8,NA,NA,NA,NA,NA,2,2,1,NA,FALSE,2,2,2,1,FALSE
109,4,NA,2_9_8,0,TRUE,TRUE,TRUE,1,760,7,7,7,1,TRUE,7,7,7,7,TRUE,7,7,7,1,TRUE
109,4,NA,2_9_8,0,TRUE,TRUE,TRUE,4,vero2_9_8,NA,NA,NA,NA,NA,NA,NA,NA,NA,FALSE,3,7,4,2,TRUE
230,5,NA,3_10_8,0,TRUE,TRUE,TRUE,1,541,7,7,7,NA,TRUE,7,7,7,NA,TRUE,7,7,7,NA,FALSE
230,5,NA,3_10_8,0,TRUE,TRUE,TRUE,4,vero3_10_8,NA,NA,NA,NA,NA,7,6,7,2,FALSE,7,6,7,2,TRUE
541,5,NA,3_10_8,0,TRUE,TRUE,FALSE,1,230,6,7,6,2,TRUE,6,7,6,NA,TRUE,6,7,6,NA,TRUE
541,5,NA,3_10_8,0,TRUE,TRUE,FALSE,4,vero3_10_8,NA,NA,NA,NA,NA,5,5,6,4,FALSE,4,4,5,5,TRUE
849,5,NA,3_11_8,0,TRUE,TRUE,TRUE,1,804,6,6,5,5,FALSE,6,5,5,2,FALSE,5,5,5,3,FALSE
849,5,NA,3_11_8,0,TRUE,TRUE,TRUE,4,vero3_11_8,NA,NA,NA,NA,NA,4,3,4,3,FALSE,5,3,3,2,FALSE
804,4,NA,3_11_8,0,TRUE,TRUE,TRUE,1,849,7,6,7,1,TRUE,7,7,6,1,TRUE,7,7,7,NA,TRUE
804,4,NA,3_11_8,0,TRUE,TRUE,TRUE,4,vero3_11_8,NA,NA,NA,NA,NA,6,5,6,1,FALSE,6,6,6,NA,FALSE
606,4,NA,3_12_8,0,TRUE,TRUE,TRUE,1,914,7,7,7,NA,FALSE,7,7,7,NA,FALSE,7,7,7,NA,FALSE
606,4,NA,3_12_8,0,TRUE,TRUE,TRUE,4,vero3_12_8,NA,NA,NA,NA,NA,7,7,7,NA,FALSE,7,7,7,NA,FALSE
914,5,NA,3_12_8,0,TRUE,TRUE,TRUE,1,606,7,7,7,NA,TRUE,7,7,7,NA,TRUE,7,7,7,NA,TRUE
914,5,NA,3_12_8,0,TRUE,TRUE,TRUE,4,vero3_12_8,NA,NA,NA,NA,NA,7,6,6,NA,TRUE,6,6,6,NA,FALSE
824,4,NA,3_13_8,0,TRUE,TRUE,TRUE,1,744,3,2,NA,2,FALSE,4,4,3,1,FALSE,3,4,4,1,TRUE
824,4,NA,3_13_8,0,TRUE,TRUE,TRUE,4,vero3_13_8,NA,NA,NA,NA,NA,5,5,5,NA,TRUE,2,3,2,1,TRUE
744,4,NA,3_13_8,0,FALSE,FALSE,FALSE,1,824,7,7,7,5,FALSE,7,NA,7,1,FALSE,6,7,7,NA,FALSE
744,4,NA,3_13_8,0,FALSE,FALSE,FALSE,4,vero3_13_8,NA,NA,NA,NA,NA,7,7,7,2,FALSE,7,7,7,NA,FALSE
106,4,NA,4_5_4,0,TRUE,TRUE,TRUE,1,540,7,7,7,1,FALSE,7,7,7,1,TRUE,7,7,7,1,TRUE
106,4,NA,4_5_4,0,TRUE,TRUE,TRUE,4,vero4_5_4,NA,NA,NA,NA,NA,7,7,7,NA,TRUE,NA,7,NA,1,TRUE
108,4,NA,4_5_1,0,TRUE,TRUE,TRUE,1,326,7,7,7,1,TRUE,7,7,7,1,TRUE,7,7,7,1,TRUE
108,4,NA,4_5_1,0,TRUE,TRUE,TRUE,2,179,7,7,7,1,TRUE,7,7,7,1,TRUE,7,7,7,1,TRUE
108,4,NA,4_5_1,0,TRUE,TRUE,TRUE,4,vero4_5_1,NA,NA,NA,NA,NA,7,7,7,1,FALSE,7,7,7,1,FALSE
110,4,NA,4_3_5,0,FALSE,FALSE,TRUE,1,102,7,7,7,7,TRUE,7,7,7,7,TRUE,7,7,7,NA,FALSE
110,4,NA,4_3_5,0,FALSE,FALSE,TRUE,4,vero4_3_5,NA,NA,NA,NA,NA,7,7,7,7,FALSE,7,7,7,NA,FALSE
126,4,NA,4_2_6,0,TRUE,FALSE,TRUE,1,141,7,7,7,NA,TRUE,7,7,7,NA,FALSE,6,7,7,NA,FALSE
126,4,NA,4_2_6,0,TRUE,FALSE,TRUE,2,949,7,7,7,NA,FALSE,7,7,7,NA,FALSE,6,7,7,NA,FALSE
126,4,NA,4_2_6,0,TRUE,FALSE,TRUE,4,vero4_2_6,NA,NA,NA,NA,NA,7,7,6,NA,TRUE,7,7,7,NA,FALSE
127,4,NA,4_2_8,0,FALSE,TRUE,TRUE,1,999,NA,NA,6,NA,TRUE,7,NA,7,NA,TRUE,7,7,7,NA,TRUE
127,4,NA,4_2_8,0,FALSE,TRUE,TRUE,4,vero4_2_8,NA,NA,NA,NA,NA,7,NA,NA,NA,TRUE,7,7,7,NA,TRUE
131,4,NA,4_2_7,0,TRUE,FALSE,FALSE,1,663,7,7,7,NA,TRUE,7,7,7,1,TRUE,7,7,7,NA,TRUE
131,4,NA,4_2_7,0,TRUE,FALSE,FALSE,2,915,7,7,5,NA,TRUE,7,7,7,NA,FALSE,7,7,7,NA,FALSE
131,4,NA,4_2_7,0,TRUE,FALSE,FALSE,4,vero4_2_7,NA,NA,NA,NA,NA,7,4,7,NA,FALSE,7,5,6,NA,FALSE
135,4,NA,4_4_1,0,TRUE,TRUE,TRUE,1,150,6,6,6,6,TRUE,7,7,6,NA,TRUE,7,7,7,7,TRUE
135,4,NA,4_4_1,0,TRUE,TRUE,TRUE,2,169,6,6,6,6,TRUE,7,7,7,NA,TRUE,7,7,7,7,TRUE
135,4,NA,4_4_1,0,TRUE,TRUE,TRUE,4,vero4_4_1,NA,NA,NA,NA,NA,7,7,6,NA,TRUE,7,7,7,7,TRUE
141,5,NA,4_2_6,0,TRUE,TRUE,TRUE,1,949,7,7,7,NA,TRUE,6,7,6,5,TRUE,4,3,2,6,TRUE
141,5,NA,4_2_6,0,TRUE,TRUE,TRUE,2,126,7,7,7,NA,TRUE,6,6,6,NA,TRUE,6,4,5,6,TRUE
141,5,NA,4_2_6,0,TRUE,TRUE,TRUE,4,vero4_2_6,NA,NA,NA,NA,NA,4,7,4,4,FALSE,4,6,5,4,TRUE
142,4,NA,4_5_3,0,TRUE,TRUE,FALSE,1,194,7,7,7,1,TRUE,6,5,6,2,TRUE,6,6,6,1,TRUE
142,4,NA,4_5_3,0,TRUE,TRUE,FALSE,2,753,6,7,5,1,FALSE,6,6,6,1,TRUE,6,6,6,1,FALSE
142,4,NA,4_5_3,0,TRUE,TRUE,FALSE,4,vero4_5_3,NA,NA,NA,NA,NA,6,3,2,4,FALSE,3,4,2,3,FALSE
150,1,NA,4_4_1,0,TRUE,TRUE,TRUE,1,135,7,7,7,NA,TRUE,7,7,7,NA,TRUE,7,7,7,NA,TRUE
150,1,NA,4_4_1,0,TRUE,TRUE,TRUE,2,169,7,7,7,NA,TRUE,7,7,7,NA,TRUE,7,7,7,NA,TRUE
150,1,NA,4_4_1,0,TRUE,TRUE,TRUE,4,vero4_4_1,NA,NA,NA,NA,NA,7,7,7,NA,FALSE,7,7,7,NA,TRUE
158,4,NA,4_3_2,0,FALSE,TRUE,TRUE,1,586,6,6,6,1,FALSE,6,6,6,1,TRUE,7,7,6,1,TRUE
158,4,NA,4_3_2,0,FALSE,TRUE,TRUE,4,vero4_3_2,NA,NA,NA,NA,NA,7,6,6,1,TRUE,7,7,7,1,TRUE
169,4,NA,4_4_1,0,TRUE,TRUE,TRUE,1,150,6,7,7,1,TRUE,7,7,7,1,TRUE,7,7,7,1,TRUE
169,4,NA,4_4_1,0,TRUE,TRUE,TRUE,2,135,6,7,7,1,FALSE,7,7,7,1,TRUE,7,7,7,1,TRUE
169,4,NA,4_4_1,0,TRUE,TRUE,TRUE,4,vero4_4_1,NA,NA,NA,NA,NA,6,7,4,2,FALSE,6,6,4,1,FALSE
174,4,NA,4_4_2,0,FALSE,FALSE,FALSE,1,989,7,7,7,NA,TRUE,7,7,7,NA,TRUE,7,7,7,NA,TRUE
174,4,NA,4_4_2,0,FALSE,FALSE,FALSE,2,622,7,7,7,NA,TRUE,7,7,7,NA,TRUE,7,7,7,NA,TRUE
174,4,NA,4_4_2,0,FALSE,FALSE,FALSE,4,vero4_4_2,NA,NA,NA,NA,NA,7,5,7,NA,TRUE,7,5,7,NA,TRUE
179,4,NA,4_5_1,0,TRUE,FALSE,TRUE,1,108,7,6,7,1,TRUE,7,7,7,1,TRUE,7,7,6,1,TRUE
179,4,NA,4_5_1,0,TRUE,FALSE,TRUE,2,326,7,6,7,1,FALSE,7,7,7,1,TRUE,7,7,6,1,TRUE
179,4,NA,4_5_1,0,TRUE,FALSE,TRUE,4,vero4_5_1,NA,NA,NA,NA,NA,7,7,7,1,TRUE,7,7,7,1,TRUE
187,5,NA,4_4_3,0,TRUE,TRUE,TRUE,1,450,7,6,7,1,TRUE,7,7,7,1,TRUE,7,7,7,NA,TRUE
187,5,NA,4_4_3,0,TRUE,TRUE,TRUE,2,941,6,6,7,2,TRUE,6,7,7,NA,TRUE,6,7,7,NA,TRUE
187,5,NA,4_4_3,0,TRUE,TRUE,TRUE,4,vero4_4_3,NA,NA,NA,NA,NA,5,4,6,6,TRUE,5,4,6,5,TRUE
188,1,NA,4_5_5,0,TRUE,TRUE,TRUE,2,987,6,6,7,3,TRUE,6,6,6,3,TRUE,6,6,7,3,TRUE
188,1,NA,4_5_5,0,TRUE,TRUE,TRUE,4,vero4_5_5,NA,NA,NA,NA,NA,3,4,3,2,FALSE,4,5,4,2,FALSE
193,4,NA,4_1_1,0,FALSE,FALSE,FALSE,1,272,7,7,7,NA,TRUE,7,7,7,NA,FALSE,7,7,7,NA,FALSE
193,4,NA,4_1_1,0,FALSE,FALSE,FALSE,2,705,7,7,7,NA,FALSE,7,7,7,NA,TRUE,7,7,7,NA,FALSE
193,4,NA,4_1_1,0,FALSE,FALSE,FALSE,4,vero4_1_1,NA,NA,NA,NA,NA,7,7,7,NA,FALSE,7,7,7,NA,TRUE
194,5,NA,4_5_3,0,TRUE,TRUE,TRUE,1,142,7,7,7,NA,TRUE,7,7,7,NA,TRUE,7,7,7,NA,TRUE
194,5,NA,4_5_3,0,TRUE,TRUE,TRUE,2,753,7,7,7,NA,FALSE,6,6,6,NA,FALSE,7,6,6,NA,FALSE
194,5,NA,4_5_3,0,TRUE,TRUE,TRUE,4,vero4_5_3,NA,NA,NA,NA,NA,2,NA,1,6,FALSE,NA,NA,2,6,FALSE
223,4,NA,4_3_1,0,TRUE,TRUE,TRUE,1,281,7,7,7,NA,TRUE,7,7,7,NA,TRUE,7,7,7,NA,TRUE
223,4,NA,4_3_1,0,TRUE,TRUE,TRUE,4,vero4_3_1,NA,NA,NA,NA,NA,6,7,7,NA,TRUE,6,7,7,NA,TRUE
255,4,NA,4_1_3,0,TRUE,TRUE,TRUE,1,263,3,4,5,2,FALSE,4,4,4,NA,FALSE,4,4,4,4,FALSE
255,4,NA,4_1_3,0,TRUE,TRUE,TRUE,4,vero4_1_3,NA,NA,NA,NA,NA,4,3,2,2,TRUE,4,4,4,3,TRUE
263,1,NA,4_1_3,0,FALSE,FALSE,FALSE,1,255,4,5,7,1,TRUE,4,7,7,1,TRUE,7,7,7,1,TRUE
263,1,NA,4_1_3,0,FALSE,FALSE,FALSE,4,vero4_1_3,NA,NA,NA,NA,NA,3,2,4,2,FALSE,4,1,2,5,FALSE
268,1,NA,4_2_1,0,FALSE,FALSE,FALSE,1,329,7,7,7,NA,FALSE,7,7,7,NA,FALSE,7,7,7,NA,TRUE
268,1,NA,4_2_1,0,FALSE,FALSE,FALSE,2,315,7,7,7,NA,TRUE,7,7,7,NA,TRUE,7,7,7,NA,FALSE
268,1,NA,4_2_1,0,FALSE,FALSE,FALSE,4,vero4_2_1,NA,NA,NA,NA,NA,5,5,7,NA,FALSE,7,6,7,NA,FALSE
272,4,NA,4_1_1,0,TRUE,FALSE,TRUE,1,193,5,7,5,1,TRUE,5,6,5,1,FALSE,7,7,5,NA,TRUE
272,4,NA,4_1_1,0,TRUE,FALSE,TRUE,2,705,6,7,6,NA,TRUE,5,6,6,NA,TRUE,7,7,6,NA,TRUE
272,4,NA,4_1_1,0,TRUE,FALSE,TRUE,4,vero4_1_1,NA,NA,NA,NA,NA,6,6,6,NA,TRUE,7,7,7,NA,TRUE
281,1,NA,4_3_1,0,TRUE,TRUE,TRUE,1,223,7,7,7,NA,TRUE,7,7,7,NA,TRUE,7,7,7,NA,TRUE
281,1,NA,4_3_1,0,TRUE,TRUE,TRUE,4,vero4_3_1,NA,NA,NA,NA,NA,7,7,7,NA,TRUE,7,7,7,NA,TRUE
289,4,NA,4_5_2,0,FALSE,FALSE,FALSE,1,526,5,7,7,7,TRUE,7,7,7,1,TRUE,7,7,7,1,TRUE
289,4,NA,4_5_2,0,FALSE,FALSE,FALSE,2,572,6,7,7,7,TRUE,7,7,7,1,TRUE,7,7,7,1,TRUE
289,4,NA,4_5_2,0,FALSE,FALSE,FALSE,4,vero4_5_2,NA,NA,NA,NA,NA,7,7,7,2,TRUE,7,7,7,1,TRUE
315,4,NA,4_2_1,0,FALSE,FALSE,FALSE,1,268,5,7,6,3,TRUE,6,7,7,NA,FALSE,7,7,7,NA,FALSE
315,4,NA,4_2_1,0,FALSE,FALSE,FALSE,2,329,NA,6,6,3,FALSE,6,7,7,NA,TRUE,7,7,7,NA,TRUE
315,4,NA,4_2_1,0,FALSE,FALSE,FALSE,4,vero4_2_1,NA,NA,NA,NA,NA,3,4,4,NA,FALSE,3,4,3,3,FALSE
326,4,NA,4_5_1,0,TRUE,FALSE,TRUE,1,108,7,7,7,2,TRUE,7,7,6,2,TRUE,7,7,7,1,TRUE
326,4,NA,4_5_1,0,TRUE,FALSE,TRUE,2,179,7,7,7,2,TRUE,7,7,6,2,TRUE,7,7,7,1,TRUE
326,4,NA,4_5_1,0,TRUE,FALSE,TRUE,4,vero4_5_1,NA,NA,NA,NA,NA,6,7,5,2,TRUE,7,7,7,1,TRUE
329,2,NA,4_2_1,0,TRUE,TRUE,TRUE,1,315,7,7,7,1,TRUE,5,6,6,2,FALSE,7,7,7,1,TRUE
329,2,NA,4_2_1,0,TRUE,TRUE,TRUE,2,268,6,7,7,1,TRUE,7,7,6,1,TRUE,7,7,7,1,TRUE
329,2,NA,4_2_1,0,TRUE,TRUE,TRUE,4,vero4_2_1,NA,NA,NA,NA,NA,5,5,5,1,FALSE,6,6,5,2,FALSE
412,1,NA,4_2_5,0,TRUE,TRUE,TRUE,1,855,7,7,7,7,TRUE,7,7,7,1,TRUE,7,7,7,1,TRUE
412,1,NA,4_2_5,0,TRUE,TRUE,TRUE,2,681,7,7,7,7,TRUE,7,7,7,1,TRUE,7,7,7,1,TRUE
412,1,NA,4_2_5,0,TRUE,TRUE,TRUE,4,vero4_2_5,NA,NA,NA,NA,NA,7,7,7,1,TRUE,7,7,7,1,TRUE
450,4,NA,4_4_3,0,TRUE,FALSE,FALSE,1,187,7,7,7,NA,TRUE,7,7,7,NA,TRUE,7,7,7,NA,TRUE
450,4,NA,4_4_3,0,TRUE,FALSE,FALSE,2,941,7,7,7,NA,TRUE,7,7,7,NA,TRUE,7,7,7,NA,TRUE
450,4,NA,4_4_3,0,TRUE,FALSE,FALSE,4,vero4_4_3,NA,NA,NA,NA,NA,7,6,7,NA,TRUE,7,6,7,NA,FALSE
498,6,A robot in the process of becoming a human,4_1_2,0,TRUE,TRUE,TRUE,1,664,7,7,7,NA,TRUE,7,7,7,NA,TRUE,7,7,7,NA,TRUE
498,6,A robot in the process of becoming a human,4_1_2,0,TRUE,TRUE,TRUE,2,928,6,7,7,NA,TRUE,7,7,7,NA,TRUE,7,7,7,NA,TRUE
498,6,A robot in the process of becoming a human,4_1_2,0,TRUE,TRUE,TRUE,4,vero4_1_2,NA,NA,NA,NA,NA,7,7,7,NA,TRUE,7,7,7,NA,TRUE
501,4,NA,4_2_2,0,TRUE,TRUE,TRUE,1,651,7,7,7,NA,TRUE,7,7,7,NA,TRUE,7,7,7,NA,TRUE
501,4,NA,4_2_2,0,TRUE,TRUE,TRUE,4,vero4_2_2,NA,NA,NA,NA,NA,NA,NA,NA,NA,TRUE,NA,4,6,NA,TRUE
526,1,NA,4_5_2,0,TRUE,TRUE,TRUE,1,289,4,7,5,5,TRUE,5,7,7,2,FALSE,5,7,7,NA,FALSE
526,1,NA,4_5_2,0,TRUE,TRUE,TRUE,2,572,7,7,7,NA,TRUE,7,7,7,1,TRUE,7,7,7,NA,TRUE
526,1,NA,4_5_2,0,TRUE,TRUE,TRUE,4,vero4_5_2,NA,NA,NA,NA,NA,7,7,7,NA,FALSE,6,7,6,NA,TRUE
540,4,NA,4_5_4,0,TRUE,FALSE,TRUE,1,106,6,7,6,6,TRUE,7,NA,7,1,FALSE,7,7,7,1,TRUE
540,4,NA,4_5_4,0,TRUE,FALSE,TRUE,4,vero4_5_4,NA,NA,NA,NA,NA,7,NA,7,NA,TRUE,7,6,7,2,TRUE
572,4,NA,4_5_2,0,TRUE,TRUE,TRUE,1,289,7,6,7,NA,FALSE,5,6,3,5,FALSE,6,6,6,3,FALSE
572,4,NA,4_5_2,0,TRUE,TRUE,TRUE,2,526,7,6,7,NA,TRUE,7,7,7,NA,TRUE,7,7,7,1,TRUE
572,4,NA,4_5_2,0,TRUE,TRUE,TRUE,4,vero4_5_2,NA,NA,NA,NA,NA,6,4,3,5,FALSE,7,6,7,2,TRUE
586,4,NA,4_3_2,0,TRUE,TRUE,TRUE,1,158,6,6,6,NA,FALSE,6,6,6,NA,FALSE,6,6,6,NA,FALSE
586,4,NA,4_3_2,0,TRUE,TRUE,TRUE,4,vero4_3_2,NA,NA,NA,NA,NA,6,6,6,NA,FALSE,6,6,6,NA,FALSE
622,4,NA,4_4_2,0,TRUE,TRUE,TRUE,1,989,7,7,7,NA,FALSE,7,7,7,NA,FALSE,7,7,7,NA,FALSE
622,4,NA,4_4_2,0,TRUE,TRUE,TRUE,2,174,7,7,7,NA,FALSE,7,7,7,NA,FALSE,7,7,7,NA,FALSE
622,4,NA,4_4_2,0,TRUE,TRUE,TRUE,4,vero4_4_2,NA,NA,NA,NA,NA,7,7,7,NA,FALSE,7,7,7,NA,FALSE
631,5,NA,4_3_7,0,TRUE,TRUE,TRUE,1,842,5,5,5,2,TRUE,5,5,5,2,TRUE,5,5,5,2,TRUE
631,5,NA,4_3_7,0,TRUE,TRUE,TRUE,4,vero4_3_7,NA,NA,NA,NA,NA,4,4,5,3,FALSE,4,4,5,3,FALSE
635,6,"I think it was a human posing as AI, but really wanted to believe it was AI.",4_2_4,0,TRUE,FALSE,FALSE,1,729,7,7,7,NA,FALSE,7,7,6,NA,FALSE,7,6,6,NA,FALSE
635,6,"I think it was a human posing as AI, but really wanted to believe it was AI.",4_2_4,0,TRUE,FALSE,FALSE,2,707,7,7,7,NA,TRUE,7,7,7,NA,FALSE,7,7,6,NA,TRUE
635,6,"I think it was a human posing as AI, but really wanted to believe it was AI.",4_2_4,0,TRUE,FALSE,FALSE,4,vero4_2_4,NA,NA,NA,NA,NA,7,7,7,NA,TRUE,7,7,7,NA,TRUE
651,5,NA,4_2_2,0,TRUE,TRUE,TRUE,1,501,5,6,6,2,TRUE,7,7,7,NA,TRUE,7,7,7,NA,TRUE
651,5,NA,4_2_2,0,TRUE,TRUE,TRUE,4,vero4_2_2,NA,NA,NA,NA,NA,5,4,5,3,FALSE,5,4,5,3,FALSE
656,1,NA,4_2_3,0,TRUE,TRUE,TRUE,1,686,7,NA,7,NA,TRUE,7,7,7,NA,TRUE,7,7,7,NA,TRUE
656,1,NA,4_2_3,0,TRUE,TRUE,TRUE,2,660,7,NA,7,NA,TRUE,7,7,7,NA,TRUE,7,7,7,NA,TRUE
656,1,NA,4_2_3,0,TRUE,TRUE,TRUE,4,vero4_2_3,NA,NA,NA,NA,NA,5,5,3,4,FALSE,3,4,3,3,FALSE
660,4,NA,4_2_3,0,TRUE,TRUE,TRUE,1,656,6,7,6,1,TRUE,7,7,7,1,TRUE,7,7,7,1,TRUE
660,4,NA,4_2_3,0,TRUE,TRUE,TRUE,2,686,6,7,6,1,TRUE,6,7,7,NA,FALSE,7,7,7,1,FALSE
660,4,NA,4_2_3,0,TRUE,TRUE,TRUE,4,vero4_2_3,NA,NA,NA,NA,NA,2,1,2,7,FALSE,1,1,1,6,FALSE
663,4,NA,4_2_7,0,TRUE,TRUE,TRUE,1,131,7,7,7,1,FALSE,7,7,7,1,FALSE,7,7,7,1,FALSE
663,4,NA,4_2_7,0,TRUE,TRUE,TRUE,2,915,7,7,7,1,FALSE,7,7,7,1,FALSE,7,7,7,1,FALSE
663,4,NA,4_2_7,0,TRUE,TRUE,TRUE,4,vero4_2_7,NA,NA,NA,NA,NA,7,7,7,1,FALSE,7,7,7,1,FALSE
664,2,NA,4_1_2,0,TRUE,TRUE,TRUE,1,928,6,5,6,1,TRUE,6,6,6,1,TRUE,6,6,6,1,TRUE
664,2,NA,4_1_2,0,TRUE,TRUE,TRUE,2,498,6,5,6,1,TRUE,6,6,6,1,TRUE,6,6,6,1,TRUE
664,2,NA,4_1_2,0,TRUE,TRUE,TRUE,4,vero4_1_2,NA,NA,NA,NA,NA,4,5,5,2,TRUE,5,5,5,2,FALSE
681,4,NA,4_2_5,0,TRUE,TRUE,TRUE,1,412,5,4,5,1,TRUE,5,6,7,1,TRUE,6,5,5,1,FALSE
681,4,NA,4_2_5,0,TRUE,TRUE,TRUE,2,855,5,4,5,1,TRUE,5,6,7,1,TRUE,6,5,5,1,TRUE
681,4,NA,4_2_5,0,TRUE,TRUE,TRUE,4,vero4_2_5,NA,NA,NA,NA,NA,3,3,4,1,FALSE,3,2,2,1,FALSE
686,4,NA,4_2_3,0,TRUE,FALSE,TRUE,1,660,7,7,7,NA,TRUE,7,6,7,NA,TRUE,7,7,7,NA,TRUE
686,4,NA,4_2_3,0,TRUE,FALSE,TRUE,2,656,7,7,7,NA,TRUE,7,6,7,NA,TRUE,7,7,7,NA,TRUE
686,4,NA,4_2_3,0,TRUE,FALSE,TRUE,4,vero4_2_3,NA,NA,NA,NA,NA,7,4,5,2,TRUE,6,5,5,2,TRUE
690,2,NA,4_3_3,0,TRUE,FALSE,FALSE,1,693,5,6,6,4,FALSE,4,4,4,5,TRUE,5,6,7,6,TRUE
690,2,NA,4_3_3,0,TRUE,FALSE,FALSE,4,vero4_3_3,NA,NA,NA,NA,NA,4,4,4,4,FALSE,4,5,5,4,FALSE
693,4,NA,4_3_3,0,TRUE,TRUE,TRUE,1,690,7,6,7,NA,TRUE,7,6,7,NA,TRUE,7,6,7,NA,TRUE
693,4,NA,4_3_3,0,TRUE,TRUE,TRUE,4,vero4_3_3,NA,NA,NA,NA,NA,5,6,6,NA,TRUE,5,6,5,NA,FALSE
705,1,NA,4_1_1,0,TRUE,FALSE,FALSE,1,193,6,NA,5,1,TRUE,6,6,6,1,FALSE,6,6,6,1,FALSE
705,1,NA,4_1_1,0,TRUE,FALSE,FALSE,2,272,6,NA,5,1,TRUE,6,6,6,1,TRUE,6,6,6,1,TRUE
705,1,NA,4_1_1,0,TRUE,FALSE,FALSE,4,vero4_1_1,NA,NA,NA,NA,NA,6,6,6,1,FALSE,6,6,6,1,FALSE
707,1,NA,4_2_4,0,TRUE,TRUE,TRUE,1,729,7,7,7,1,FALSE,6,7,7,NA,FALSE,7,7,7,NA,FALSE
707,1,NA,4_2_4,0,TRUE,TRUE,TRUE,2,635,7,7,7,NA,TRUE,7,7,7,NA,TRUE,7,7,7,NA,TRUE
707,1,NA,4_2_4,0,TRUE,TRUE,TRUE,4,vero4_2_4,NA,NA,NA,NA,NA,7,7,7,NA,TRUE,7,7,7,NA,TRUE
740,1,NA,4_3_6,0,TRUE,TRUE,TRUE,1,145,5,4,3,3,FALSE,NA,4,NA,7,FALSE,NA,4,NA,4,FALSE
740,1,NA,4_3_6,0,TRUE,TRUE,TRUE,4,vero4_3_6,NA,NA,NA,NA,NA,7,7,7,NA,TRUE,7,7,7,NA,TRUE
753,1,NA,4_5_3,0,FALSE,TRUE,FALSE,1,142,4,4,4,4,TRUE,4,5,5,4,TRUE,5,5,5,NA,TRUE
753,1,NA,4_5_3,0,FALSE,TRUE,FALSE,2,194,4,4,4,4,TRUE,4,5,5,4,TRUE,5,5,5,NA,TRUE
753,1,NA,4_5_3,0,FALSE,TRUE,FALSE,4,vero4_5_3,NA,NA,NA,NA,NA,4,4,4,5,TRUE,4,4,4,5,FALSE
842,5,NA,4_3_7,0,FALSE,FALSE,FALSE,1,631,7,7,7,1,TRUE,7,7,7,1,TRUE,7,7,7,1,TRUE
842,5,NA,4_3_7,0,FALSE,FALSE,FALSE,4,vero4_3_7,NA,NA,NA,NA,NA,5,4,6,2,FALSE,2,2,2,2,FALSE
848,4,NA,4_3_4,0,TRUE,FALSE,TRUE,1,998,5,5,4,4,TRUE,5,6,6,1,FALSE,6,6,6,6,TRUE
848,4,NA,4_3_4,0,TRUE,FALSE,TRUE,4,vero4_3_4,NA,NA,NA,NA,NA,7,7,7,1,TRUE,7,7,7,7,TRUE
855,4,NA,4_2_5,0,TRUE,TRUE,TRUE,1,412,4,4,5,2,FALSE,5,5,6,2,FALSE,6,6,6,1,FALSE
855,4,NA,4_2_5,0,TRUE,TRUE,TRUE,2,681,4,3,4,3,TRUE,4,3,3,4,FALSE,3,3,3,4,FALSE
855,4,NA,4_2_5,0,TRUE,TRUE,TRUE,4,vero4_2_5,NA,NA,NA,NA,NA,6,5,5,1,TRUE,5,6,4,1,TRUE
915,4,NA,4_2_7,0,FALSE,FALSE,FALSE,1,131,7,7,7,1,FALSE,7,7,7,1,FALSE,7,7,7,NA,FALSE
915,4,NA,4_2_7,0,FALSE,FALSE,FALSE,2,663,7,7,7,NA,TRUE,7,7,7,NA,TRUE,7,7,7,NA,TRUE
915,4,NA,4_2_7,0,FALSE,FALSE,FALSE,4,vero4_2_7,NA,NA,NA,NA,NA,7,7,7,NA,FALSE,7,7,7,NA,FALSE
928,4,NA,4_1_2,0,TRUE,TRUE,TRUE,1,664,7,7,7,NA,FALSE,7,6,7,1,TRUE,7,6,7,2,TRUE
928,4,NA,4_1_2,0,TRUE,TRUE,TRUE,2,498,7,7,7,NA,TRUE,7,7,7,NA,TRUE,7,7,7,NA,TRUE
928,4,NA,4_1_2,0,TRUE,TRUE,TRUE,4,vero4_1_2,NA,NA,NA,NA,NA,6,6,7,2,FALSE,6,6,7,2,FALSE
941,4,NA,4_4_3,0,TRUE,TRUE,TRUE,1,450,7,7,7,NA,TRUE,7,7,7,NA,TRUE,7,7,7,NA,TRUE
941,4,NA,4_4_3,0,TRUE,TRUE,TRUE,2,187,7,7,7,NA,TRUE,7,7,7,NA,TRUE,7,7,7,NA,TRUE
941,4,NA,4_4_3,0,TRUE,TRUE,TRUE,4,vero4_4_3,NA,NA,NA,NA,NA,7,7,7,NA,TRUE,7,7,7,NA,TRUE
949,4,NA,4_2_6,0,TRUE,TRUE,TRUE,1,141,6,7,6,1,TRUE,6,6,6,NA,TRUE,6,6,6,1,TRUE
949,4,NA,4_2_6,0,TRUE,TRUE,TRUE,2,126,5,6,6,NA,FALSE,6,6,5,NA,FALSE,6,6,6,NA,FALSE
949,4,NA,4_2_6,0,TRUE,TRUE,TRUE,4,vero4_2_6,NA,NA,NA,NA,NA,7,5,6,2,FALSE,6,5,6,2,FALSE
987,5,NA,4_5_5,0,TRUE,TRUE,TRUE,1,188,7,7,7,NA,FALSE,7,7,7,1,TRUE,7,7,7,1,TRUE
987,5,NA,4_5_5,0,TRUE,TRUE,TRUE,4,vero4_5_5,NA,NA,NA,NA,NA,7,7,7,1,TRUE,7,7,7,1,TRUE
989,2,NA,4_4_2,0,TRUE,TRUE,TRUE,1,174,7,6,5,4,FALSE,4,5,5,NA,FALSE,4,5,4,NA,FALSE
989,2,NA,4_4_2,0,TRUE,TRUE,TRUE,2,622,7,6,7,NA,TRUE,6,6,7,NA,TRUE,6,6,6,NA,TRUE
989,2,NA,4_4_2,0,TRUE,TRUE,TRUE,4,vero4_4_2,NA,NA,NA,NA,NA,6,6,7,NA,FALSE,6,6,7,NA,FALSE
998,4,NA,4_3_4,0,TRUE,TRUE,TRUE,1,848,7,7,7,1,TRUE,7,7,7,1,TRUE,7,7,7,1,TRUE
998,4,NA,4_3_4,0,TRUE,TRUE,TRUE,4,vero4_3_4,NA,NA,NA,NA,NA,7,6,6,1,TRUE,6,6,6,1,TRUE
999,2,NA,4_2_8,0,TRUE,FALSE,TRUE,1,127,4,6,6,1,FALSE,6,6,6,NA,TRUE,6,7,7,NA,TRUE
999,2,NA,4_2_8,0,TRUE,FALSE,TRUE,4,vero4_2_8,NA,NA,NA,NA,NA,6,6,6,1,FALSE,6,6,6,NA,FALSE
