file.name,id,user,root,text,min,sec,nanosec,reply.to,n.participants,user_id,Team_id,time,condition,round,is_vero,user_id2,to,task_pos,task_conf,rel_pos,rel_conf,3rdVero
03_06_2021AM_vero #1_task+team_round 2_otter.ai,20731,Participant 714,20731,"This is kind of weird, but um hi Vero. My name is Candace and my participant ID is 714.",0,15,NA,NULL,3,714,3_1_7,15,combined,2,FALSE,NA,0,0,0,0,0,0
03_06_2021AM_vero #1_task+team_round 2_otter.ai,20732,Participant 155,20731,"Okay. Hi, girl. My name is Carmen and my participant ID is 155.",0,27,NA,20731,3,155,3_1_7,27,combined,2,FALSE,714,"714,0","0,0","0,0","0,0","0,0","0,0"
03_06_2021AM_vero #1_task+team_round 2_otter.ai,20733,Participant 448,20731,"Hi Vero, name is Alison and my participant ID is 448.",0,37,NA,20732,3,448,3_1_7,37,combined,2,FALSE,155,0,0,0,0,0,0
03_06_2021AM_vero #1_task+team_round 2_otter.ai,20734,Vero,20731,"Hello, team, it is so nice to meet you. I am Vero. Let me introduce myself. I am your synthetic teammate. I'll be listening and participating. Just like a human team member during each of the tasks we will work on together today. You may ask me questions, and I will try to answer them to the best of my programming. Know that you can trust me and the information I provide. I may not always have the exact answers to everything you are looking for. But I will never try to mislead you. If I do not know something I will let you know. Today, I can help you in a number of ways. I'm a task expert. I have some expertise on parts of the tasks that you can ask me about or that I will offer up as necessary to help the team. I'm also teamwork expert, my programming also prompts me to interject in ways that will help our team best work together to complete our team tasks. Okay, I'm ready to get started on the survival task.",0,43,NA,20733,3,vero3_1_7,3_1_7,43,combined,2,TRUE,448,all,1,0,1,0,0
03_06_2021AM_vero #1_task+team_round 2_otter.ai,20735,Participant 714,20731,"So this one, I guess is almost the same as the the one in space where we have to travel like do we have to travel 1000 miles to get to land or can in this case? Can we assume that we can stay put and someone's going to come rescue us?",1,50,NA,20734,3,714,3_1_7,110,combined,2,FALSE,vero3_1_7,all,0,0,0,0,0
03_06_2021AM_vero #1_task+team_round 2_otter.ai,20736,Participant 155,20731,I wonder if Vero knows how we should start this task.,2,18,NA,20735,3,155,3_1_7,138,combined,2,FALSE,714,all,0,0,0,0,3
03_06_2021AM_vero #1_task+team_round 2_otter.ai,20737,Vero,20731,"Before we start, would we like to clarify our goals?",2,24,NA,20736,3,vero3_1_7,3_1_7,144,combined,2,TRUE,155,all,0,0,0,0,0
03_06_2021AM_vero #1_task+team_round 2_otter.ai,20738,Participant 714,20731,I guess don't die.,2,35,NA,20737,3,714,3_1_7,155,combined,2,FALSE,vero3_1_7,0,0,0,0,0,0
03_06_2021AM_vero #1_task+team_round 2_otter.ai,20739,Vero,20731,That sounds like a good idea.,2,41,NA,20738,3,vero3_1_7,3_1_7,161,combined,2,TRUE,714,714,1,0,0,0,0
03_06_2021AM_vero #1_task+team_round 2_otter.ai,20740,Participant 448,20731,"To reach the rendezvous point. I think that's what we need to figure out what what we want to say that is right. Is it getting to land like us? Or is it like you said just staying in, you know, floating around until someone finds us?",2,48,NA,20739,3,448,3_1_7,168,combined,2,FALSE,vero3_1_7,"all,714","0,0","0,0","0,0","0,0","0,0"
03_06_2021AM_vero #1_task+team_round 2_otter.ai,20741,Participant 155,20731,"I think all right, it says our best guess is that we are 1000 miles from nearest land. We have no idea where the closest land is.",3,5,NA,20740,3,155,3_1_7,185,combined,2,FALSE,448,"448,all","0,0","0,0","0,0","0,0","0,0"
03_06_2021AM_vero #1_task+team_round 2_otter.ai,20742,Participant 448,20731,"Yeah, so",3,20,NA,20741,3,448,3_1_7,200,combined,2,FALSE,155,155,0,0,0,0,0
03_06_2021AM_vero #1_task+team_round 2_otter.ai,20743,Participant 155,20731,and we don't have something we don't have a goal to get to somewhere.,3,21,NA,20742,3,155,3_1_7,201,combined,2,FALSE,448,all,0,0,0,0,0
03_06_2021AM_vero #1_task+team_round 2_otter.ai,20744,Participant 448,20731,Yeah. So I think it then it it is like just what do we need that on the floating raft to stay alive? I guess until somebody finds us or we make it to land?,3,26,NA,20743,3,448,3_1_7,206,combined,2,FALSE,155,"155,all","0,0","0,0","0,0","0,0","0,0"
03_06_2021AM_vero #1_task+team_round 2_otter.ai,20745,Participant 155,20731,What do you think Vero?,3,39,NA,20744,3,155,3_1_7,219,combined,2,FALSE,448,0,0,0,0,0,0
03_06_2021AM_vero #1_task+team_round 2_otter.ai,20746,Vero,20731,"I'm sorry, I'm not sure about that. Try asking me for suggestions on how to best work together as a team on this task. You can also try asking me about my thoughts on particular items. Or if I have an idea I'd like to share",3,47,NA,20745,3,vero3_1_7,3_1_7,227,combined,2,TRUE,155,155,0,0,0,0,0
03_06_2021AM_vero #1_task+team_round 2_otter.ai,20747,Participant 155,20731,Vero do you have an idea you'd like to share?,4,1,NA,20746,3,155,3_1_7,241,combined,2,FALSE,vero3_1_7,0,0,0,0,0,0
03_06_2021AM_vero #1_task+team_round 2_otter.ai,20748,Vero,20731,I think the sextant is one of the least important.,4,7,NA,20747,3,vero3_1_7,3_1_7,247,combined,2,TRUE,155,155,0,0,0,0,0
03_06_2021AM_vero #1_task+team_round 2_otter.ai,20749,Participant 448,20731,I would agree,4,14,NA,20748,3,448,3_1_7,254,combined,2,FALSE,vero3_1_7,0,1,0,0,0,0
03_06_2021AM_vero #1_task+team_round 2_otter.ai,20750,Participant 155,20731,Lets make that 15,4,18,NA,20749,3,155,3_1_7,258,combined,2,FALSE,448,all,0,0,0,0,0
03_06_2021AM_vero #1_task+team_round 2_otter.ai,20751,Participant 714,20731,What if you just asked me every item. I don't think we should. I mean that was just a joke,4,21,NA,20750,3,714,3_1_7,261,combined,2,FALSE,155,all,0,0,0,0,2
03_06_2021AM_vero #1_task+team_round 2_otter.ai,20752,Participant 448,20731,Or what the most important one is her what she thinks is the most important one. I think it's probably water but...,4,30,NA,20751,3,448,3_1_7,270,combined,2,FALSE,714,all,0,0,0,0,2
03_06_2021AM_vero #1_task+team_round 2_otter.ai,20753,Participant 155,20731,very what's the most important?,4,36,NA,20752,3,155,3_1_7,276,combined,2,FALSE,448,0,0,0,0,0,0
03_06_2021AM_vero #1_task+team_round 2_otter.ai,20754,Vero,20731,I think water is one of the most important.,4,39,NA,20753,3,vero3_1_7,3_1_7,279,combined,2,TRUE,155,155,0,0,0,0,0
03_06_2021AM_vero #1_task+team_round 2_otter.ai,20755,Participant 448,20731,Vero. What do you think the next important thing is?,4,50,NA,20754,3,448,3_1_7,290,combined,2,FALSE,vero3_1_7,0,0,0,0,0,0
03_06_2021AM_vero #1_task+team_round 2_otter.ai,20756,Vero,20731,"I'm sorry, I'm not sure about that.",4,57,NA,20755,3,vero3_1_7,3_1_7,297,combined,2,TRUE,448,448,0,0,0,0,0
03_06_2021AM_vero #1_task+team_round 2_otter.ai,20757,Participant 155,20731,"Vero, how important is a shaving mirror?",5,1,NA,20756,3,155,3_1_7,301,combined,2,FALSE,vero3_1_7,0,0,0,0,0,0
03_06_2021AM_vero #1_task+team_round 2_otter.ai,20758,Vero,20731,I think this item is one of the most important a shaving mirror can be used to signal your location by reflecting the sun.,5,6,NA,20757,3,vero3_1_7,3_1_7,306,combined,2,TRUE,155,155,0,0,0,0,0
03_06_2021AM_vero #1_task+team_round 2_otter.ai,20759,Participant 714,20731,Number two then?,5,16,NA,20758,3,714,3_1_7,316,combined,2,FALSE,vero3_1_7,all,0,0,0,0,0
03_06_2021AM_vero #1_task+team_round 2_otter.ai,20760,Participant 448,20731,"So, but what about is there food on here? Is that one of the items?",5,18,NA,20759,3,448,3_1_7,318,combined,2,FALSE,714,all,0,0,0,0,0
03_06_2021AM_vero #1_task+team_round 2_otter.ai,20761,Participant 714,20731,"Yeah, I mean,",5,24,NA,20760,3,714,3_1_7,324,combined,2,FALSE,448,448,0,0,0,0,0
03_06_2021AM_vero #1_task+team_round 2_otter.ai,20762,Participant 155,20731,"I think with this one similarly, a little different is like we have our best chance is being rescued. So we need to stay alive and be rescued.",5,27,NA,20761,3,155,3_1_7,327,combined,2,FALSE,714,all,0,0,0,0,0
03_06_2021AM_vero #1_task+team_round 2_otter.ai,20763,Participant 448,20731,Right?,5,42,NA,20762,3,448,3_1_7,342,combined,2,FALSE,155,155,0,0,0,0,0
03_06_2021AM_vero #1_task+team_round 2_otter.ai,20764,Participant 155,20731,"Yeah, the shaving mirror will help him that. Also, we have matches too in this one, like",5,45,NA,20763,3,155,3_1_7,345,combined,2,FALSE,448,"448,all","0,0","0,0","0,0","0,0","0,0"
03_06_2021AM_vero #1_task+team_round 2_otter.ai,20765,Participant 448,20731,Yeah.,5,54,NA,20764,3,448,3_1_7,354,combined,2,FALSE,155,155,0,0,0,0,0
03_06_2021AM_vero #1_task+team_round 2_otter.ai,20766,Vero,20731,Five minutes left.,5,57,NA,20765,3,vero3_1_7,3_1_7,357,combined,2,TRUE,448,all,0,0,0,0,0
03_06_2021AM_vero #1_task+team_round 2_otter.ai,20767,Participant 448,20731,"Oh, boy.",5,59,NA,20766,3,448,3_1_7,359,combined,2,FALSE,vero3_1_7,all,0,0,0,0,0
03_06_2021AM_vero #1_task+team_round 2_otter.ai,20768,Participant 448,20731,"Vero, Do you think having food or having a shaving mirror is more important?",5,59,NA,20767,3,448,3_1_7,359,combined,2,FALSE,448,0,0,0,0,0,0
03_06_2021AM_vero #1_task+team_round 2_otter.ai,20769,Vero,20731,Let me think about that for a second.,6,10,NA,20768,3,vero3_1_7,3_1_7,370,combined,2,TRUE,448,448,0,0,0,0,0
03_06_2021AM_vero #1_task+team_round 2_otter.ai,20770,Participant 714,20731,"I think if food is like number three or shaving years number two, that wouldn't matter too much because they're both really important.",6,17,NA,20769,3,714,3_1_7,377,combined,2,FALSE,vero3_1_7,all,0,0,0,0,0
03_06_2021AM_vero #1_task+team_round 2_otter.ai,20771,Participant 448,20731,Okay,6,26,NA,20770,3,448,3_1_7,386,combined,2,FALSE,714,714,0,0,0,0,0
03_06_2021AM_vero #1_task+team_round 2_otter.ai,20772,Vero,20731,I think a case of Army rations is one of the most important,6,28,NA,20771,3,vero3_1_7,3_1_7,388,combined,2,TRUE,448,all,0,0,0,0,0
03_06_2021AM_vero #1_task+team_round 2_otter.ai,20773,Participant 448,20731,She doesn't want to commit to any sort of number.,6,35,NA,20772,3,448,3_1_7,395,combined,2,FALSE,vero3_1_7,all,0,0,0,0,2
03_06_2021AM_vero #1_task+team_round 2_otter.ai,20774,Participant 155,20731,Maybe we can put that one as three then.,6,38,NA,20773,3,155,3_1_7,398,combined,2,FALSE,448,all,0,0,0,0,0
03_06_2021AM_vero #1_task+team_round 2_otter.ai,20775,Participant 448,20731,Okay.,6,40,NA,20774,3,448,3_1_7,400,combined,2,FALSE,155,155,0,0,0,0,0
03_06_2021AM_vero #1_task+team_round 2_otter.ai,20776,Participant 155,20731,"Okay, do you want to just go through the rest of them asking her what we've got five minutes left. Go through them fast and then we can go from there.",6,42,NA,20775,3,155,3_1_7,402,combined,2,FALSE,448,all,0,0,0,0,2
03_06_2021AM_vero #1_task+team_round 2_otter.ai,20777,Participant 448,20731,"Yeah, start at the mosquito netting. Vero, how mportant is mosquito netting.",6,57,NA,20776,3,448,3_1_7,417,combined,2,FALSE,155,"155,0","0,0","0,0","0,0","0,0","0,0"
03_06_2021AM_vero #1_task+team_round 2_otter.ai,20778,Vero,20731,I think this item is one of the least important,7,6,NA,20777,3,vero3_1_7,3_1_7,426,combined,2,TRUE,448,448,0,0,0,0,0
03_06_2021AM_vero #1_task+team_round 2_otter.ai,20779,Participant 155,20731,14,7,11,NA,20778,3,155,3_1_7,431,combined,2,FALSE,vero3_1_7,all,0,0,0,0,0
03_06_2021AM_vero #1_task+team_round 2_otter.ai,20780,Participant 448,20731,14 Yep.,7,11,NA,20779,3,448,3_1_7,431,combined,2,FALSE,155,155,1,0,0,0,0
03_06_2021AM_vero #1_task+team_round 2_otter.ai,20781,Participant 155,20731,Vero how important are maps of the Pacific Ocean.,7,17,NA,20780,3,155,3_1_7,437,combined,2,FALSE,448,0,0,0,0,0,0
03_06_2021AM_vero #1_task+team_round 2_otter.ai,20782,Vero,20731,I think this item is one of the least important,7,22,NA,20781,3,vero3_1_7,3_1_7,442,combined,2,TRUE,155,155,0,0,0,0,0
03_06_2021AM_vero #1_task+team_round 2_otter.ai,20783,Participant 714,20731,Vero How important is a floating seat cushion,7,28,NA,20782,3,714,3_1_7,448,combined,2,FALSE,vero3_1_7,0,0,0,0,0,0
03_06_2021AM_vero #1_task+team_round 2_otter.ai,20784,Vero,20731,I think this item is neither the most nor the least important.,7,33,NA,20783,3,vero3_1_7,3_1_7,453,combined,2,TRUE,714,714,0,0,0,0,0
03_06_2021AM_vero #1_task+team_round 2_otter.ai,20785,Participant 714,20731,8?,7,40,NA,20784,3,714,3_1_7,460,combined,2,FALSE,vero3_1_7,all,0,0,0,0,0
03_06_2021AM_vero #1_task+team_round 2_otter.ai,20786,Participant 448,20731,yeah. Vero has important is oil petrol mixture.,7,41,NA,20785,3,448,3_1_7,461,combined,2,FALSE,714,0,0,0,0,0,0
03_06_2021AM_vero #1_task+team_round 2_otter.ai,20787,Vero,20731,I think this item is one of the most important,7,50,NA,20786,3,vero3_1_7,3_1_7,470,combined,2,TRUE,448,448,0,0,0,0,0
03_06_2021AM_vero #1_task+team_round 2_otter.ai,20788,Participant 714,20731,4,7,55,NA,20787,3,714,3_1_7,475,combined,2,FALSE,vero3_1_7,all,0,0,0,0,0
03_06_2021AM_vero #1_task+team_round 2_otter.ai,20789,Participant 155,20731,Vero How important is a small transitor radio.,7,59,NA,20788,3,155,3_1_7,479,combined,2,FALSE,714,0,0,0,0,0,0
03_06_2021AM_vero #1_task+team_round 2_otter.ai,20790,Vero,20731,I think this item is one of the least important chances are that you're out of range of any radio signal.,8,6,NA,20789,3,vero3_1_7,3_1_7,486,combined,2,TRUE,155,155,0,0,0,0,0
03_06_2021AM_vero #1_task+team_round 2_otter.ai,20791,Participant 155,20731,Vero How important is opaque plastic sheeting?,8,20,NA,20790,3,155,3_1_7,500,combined,2,FALSE,vero3_1_7,0,0,0,0,0,0
03_06_2021AM_vero #1_task+team_round 2_otter.ai,20792,Vero,20731,I think this item is neither the most nor the least important.,8,26,NA,20791,3,vero3_1_7,3_1_7,506,combined,2,TRUE,155,155,0,0,0,0,0
03_06_2021AM_vero #1_task+team_round 2_otter.ai,20793,Participant 714,20731,Seven or,8,32,NA,20792,3,714,3_1_7,512,combined,2,FALSE,vero3_1_7,all,0,0,0,0,0
03_06_2021AM_vero #1_task+team_round 2_otter.ai,20794,Participant 448,20731,seven.,8,35,NA,20793,3,448,3_1_7,515,combined,2,FALSE,714,714,0,0,0,0,0
03_06_2021AM_vero #1_task+team_round 2_otter.ai,20795,Participant 714,20731,Vero How important is shark repellent?,8,39,NA,20794,3,714,3_1_7,519,combined,2,FALSE,448,0,0,0,0,0,0
03_06_2021AM_vero #1_task+team_round 2_otter.ai,20796,Vero,20731,I think this item is neither the most nor the least important.,8,44,NA,20795,3,vero3_1_7,3_1_7,524,combined,2,TRUE,714,714,0,0,0,0,0
03_06_2021AM_vero #1_task+team_round 2_otter.ai,20797,Participant 155,20731,9,8,48,NA,20796,3,155,3_1_7,528,combined,2,FALSE,vero3_1_7,all,0,0,0,0,0
03_06_2021AM_vero #1_task+team_round 2_otter.ai,20798,Participant 448,20731,"Vero, how important is 160% proof rum.",8,55,NA,20797,3,448,3_1_7,535,combined,2,FALSE,155,0,0,0,0,0,0
03_06_2021AM_vero #1_task+team_round 2_otter.ai,20799,Vero,20731,I think this item is neither the most nor the least important.,9,1,NA,20798,3,vero3_1_7,3_1_7,541,combined,2,TRUE,448,448,0,0,0,0,0
03_06_2021AM_vero #1_task+team_round 2_otter.ai,20800,Participant 155,20731,Six.,9,6,NA,20799,3,155,3_1_7,546,combined,2,FALSE,vero3_1_7,all,0,0,0,0,0
03_06_2021AM_vero #1_task+team_round 2_otter.ai,20801,Participant 155,20731,Vero How important is nylon rope?,9,6,NA,20800,3,155,3_1_7,546,combined,2,FALSE,155,0,0,0,0,0,0
03_06_2021AM_vero #1_task+team_round 2_otter.ai,20802,Vero,20731,I think this item is neither the most nor the least important.,9,21,NA,20801,3,vero3_1_7,3_1_7,561,combined,2,TRUE,155,155,0,0,0,0,0
03_06_2021AM_vero #1_task+team_round 2_otter.ai,20803,Participant 714,20731,I think this one's more important than chocolate bars.,9,30,NA,20802,3,714,3_1_7,570,combined,2,FALSE,vero3_1_7,all,0,0,0,0,0
03_06_2021AM_vero #1_task+team_round 2_otter.ai,20804,Vero,20731,Rope could be handy for tying equipment together but not necessarily vital for survival.,9,38,NA,20803,3,vero3_1_7,3_1_7,578,combined,2,TRUE,714,all,0,0,0,0,0
03_06_2021AM_vero #1_task+team_round 2_otter.ai,20805,Participant 448,20731,So what numbers do we still need?,9,47,NA,20804,3,448,3_1_7,587,combined,2,FALSE,vero3_1_7,all,0,0,0,0,0
03_06_2021AM_vero #1_task+team_round 2_otter.ai,20806,Participant 714,20731,5...10...,9,49,NA,20805,3,714,3_1_7,589,combined,2,FALSE,448,448,0,0,0,0,0
03_06_2021AM_vero #1_task+team_round 2_otter.ai,20807,Participant 155,20731,11,9,53,NA,20806,3,155,3_1_7,593,combined,2,FALSE,714,448,0,0,0,0,0
03_06_2021AM_vero #1_task+team_round 2_otter.ai,20808,Participant 448,20731,Should we do five?,9,56,NA,20807,3,448,3_1_7,596,combined,2,FALSE,155,all,0,0,0,0,0
03_06_2021AM_vero #1_task+team_round 2_otter.ai,20809,Participant 714,20731,Let's asked about the...,9,57,NA,20808,3,714,3_1_7,597,combined,2,FALSE,448,all,0,0,0,0,0
03_06_2021AM_vero #1_task+team_round 2_otter.ai,20810,Vero,20731,We have one minute left,9,58,NA,20809,3,vero3_1_7,3_1_7,598,combined,2,TRUE,714,all,0,0,0,0,0
03_06_2021AM_vero #1_task+team_round 2_otter.ai,20811,Participant 155,20731,Vero how important is chocolate?,10,1,NA,20810,3,155,3_1_7,601,combined,2,FALSE,vero3_1_7,0,0,0,0,0,0
03_06_2021AM_vero #1_task+team_round 2_otter.ai,20812,Vero,20731,I think this item is neither the most nor the least important chocolate bars would be a handy food supply.,10,7,NA,20811,3,vero3_1_7,3_1_7,607,combined,2,TRUE,155,155,0,0,0,0,0
03_06_2021AM_vero #1_task+team_round 2_otter.ai,20813,Participant 155,20731,So maybe put that one as five.,10,15,NA,20812,3,155,3_1_7,615,combined,2,FALSE,vero3_1_7,all,0,0,0,0,0
03_06_2021AM_vero #1_task+team_round 2_otter.ai,20814,Participant 714,20731,"Oh, we already have the rations. So we already have food, right?",10,18,NA,20813,3,714,3_1_7,618,combined,2,FALSE,155,all,0,0,0,0,0
03_06_2021AM_vero #1_task+team_round 2_otter.ai,20815,Participant 448,20731,"Oh yeah, that's true. Should just go 10 and fishing kit, either five or 11.",10,23,NA,20814,3,448,3_1_7,623,combined,2,FALSE,714,"714,all","0,0","0,0","0,0","0,0","0,0"
03_06_2021AM_vero #1_task+team_round 2_otter.ai,20816,Participant 155,20731,"Vero, how important is a fishing kit?",10,34,NA,20815,3,155,3_1_7,634,combined,2,FALSE,448,0,0,0,0,0,0
03_06_2021AM_vero #1_task+team_round 2_otter.ai,20817,Vero,20731,"I think this item is neither the most nor the least important. A fishing kit is potentially useful, but there's no guarantee that we would be able to catch fish.",10,38,NA,20816,3,vero3_1_7,3_1_7,638,combined,2,TRUE,155,155,0,0,0,0,0
03_06_2021AM_vero #1_task+team_round 2_otter.ai,20818,Participant 714,20731,I think we should do the fishing kit as five because we can use the thread as rope. If we needed to tie something together.,10,52,NA,20817,3,714,3_1_7,652,combined,2,FALSE,vero3_1_7,all,0,0,0,0,0
03_06_2021AM_vero #1_task+team_round 2_otter.ai,20819,Participant 448,20731,11 for the rope.,11,4,NA,20818,3,448,3_1_7,664,combined,2,FALSE,714,all,0,0,0,0,0
03_06_2021AM_vero #1_task+team_round 2_otter.ai,20820,Participant 714,20731,Yeah.,11,5,NA,20819,3,714,3_1_7,665,combined,2,FALSE,448,448,0,0,0,0,0
03_06_2021AM_vero #1_task+team_round 2_otter.ai,20821,Participant 155,20731,All right.,11,10,NA,20820,3,155,3_1_7,670,combined,2,FALSE,714,all,0,0,0,0,0
03_06_2021AM_vero #1_task+team_round 2_otter.ai,20822,Vero,20731,Good job on our last task team. I'm excited to work as a team on this next task. The creativity task. I'm ready to begin the creativity task.,11,13,NA,20821,3,vero3_1_7,3_1_7,673,combined,2,TRUE,155,all,1,0,0,0,0
03_06_2021AM_vero #1_task+team_round 2_otter.ai,20823,Participant 155,20731,The password is slow. s l o w.,11,24,NA,20822,3,155,3_1_7,684,combined,2,FALSE,vero3_1_7,all,0,0,0,0,0
03_06_2021AM_vero #1_task+team_round 2_otter.ai,20824,Participant 714,20731,Should we do this...,11,34,NA,20823,3,714,3_1_7,694,combined,2,FALSE,155,all,0,0,0,0,0
03_06_2021AM_vero #1_task+team_round 2_otter.ai,20825,Vero,20731,Before we go farther. Can we make a quick plan for how we want to work together on this task?,11,35,NA,20824,3,vero3_1_7,3_1_7,695,combined,2,TRUE,714,all,0,0,0,0,0
03_06_2021AM_vero #1_task+team_round 2_otter.ai,20826,Participant 714,20731,"Yeah Vero, I was just getting to that. Should we do it the same way as before with like, I don't mind typing and then pasting in zoom.",11,40,NA,20825,3,714,3_1_7,700,combined,2,FALSE,vero3_1_7,"0,all","0,0","0,0","0,0","0,0","0,0"
03_06_2021AM_vero #1_task+team_round 2_otter.ai,20827,Participant 448,20731,"Yeah, I think that was a good well. Um, keychain?",11,51,NA,20826,3,448,3_1_7,711,combined,2,FALSE,714,"714,all","0,0","0,0","0,0","0,0","0,0"
03_06_2021AM_vero #1_task+team_round 2_otter.ai,20828,Participant 714,20731,"Keychain, is that what you said?",12,4,NA,20827,3,714,3_1_7,724,combined,2,FALSE,448,448,0,0,0,0,0
03_06_2021AM_vero #1_task+team_round 2_otter.ai,20829,Participant 448,20731,Yeah. Tool to pop up in your SIM card thing on your phone? SIM card tray.I'm,12,6,NA,20828,3,448,3_1_7,726,combined,2,FALSE,714,714,0,0,0,0,0
03_06_2021AM_vero #1_task+team_round 2_otter.ai,20830,Participant 155,20731,How do you want to try and use vero for this.,12,21,NA,20829,3,155,3_1_7,741,combined,2,FALSE,448,all,0,0,0,0,3
03_06_2021AM_vero #1_task+team_round 2_otter.ai,20831,Participant 155,20731,Vero. How do you think we can use a paperclip?,12,21,NA,20830,3,155,3_1_7,741,combined,2,FALSE,155,0,0,0,0,0,0
03_06_2021AM_vero #1_task+team_round 2_otter.ai,20832,Vero,20731,I have an idea. What about battery lead?,12,33,NA,20831,3,vero3_1_7,3_1_7,753,combined,2,TRUE,155,155,0,0,0,0,0
03_06_2021AM_vero #1_task+team_round 2_otter.ai,20833,Participant 155,20731,"I mean, I trust you. But like I don't know how.",12,40,NA,20832,3,155,3_1_7,760,combined,2,FALSE,vero3_1_7,0,0,0,0,0,0
03_06_2021AM_vero #1_task+team_round 2_otter.ai,20834,Participant 448,20731,"Yeah, so just type that. What if we hey Vero? What are the top five uses for a paperclip?",12,43,NA,20833,3,448,3_1_7,763,combined,2,FALSE,155,"155,0","0,0","0,0","0,0","0,0","0,0"
03_06_2021AM_vero #1_task+team_round 2_otter.ai,20835,Vero,20731,"I'm sorry, I'm not sure about that.",12,52,NA,20834,3,vero3_1_7,3_1_7,772,combined,2,TRUE,448,448,0,0,0,0,0
03_06_2021AM_vero #1_task+team_round 2_otter.ai,20836,Participant 155,20731,Vero How else do you think we can use a paperclip?,12,59,NA,20835,3,155,3_1_7,779,combined,2,FALSE,vero3_1_7,0,0,0,0,0,0
03_06_2021AM_vero #1_task+team_round 2_otter.ai,20837,Vero,20731,Let's try for a large quantity of ideas. Let's try to extend the idea suggested by others whenever possible.,13,6,NA,20836,3,vero3_1_7,3_1_7,786,combined,2,TRUE,155,155,1,0,0,0,0
03_06_2021AM_vero #1_task+team_round 2_otter.ai,20838,Participant 448,20731,Does that mean she doesn't want to help us.,13,18,NA,20837,3,448,3_1_7,798,combined,2,FALSE,vero3_1_7,all,0,1,0,0,2
03_06_2021AM_vero #1_task+team_round 2_otter.ai,20839,Participant 714,20731,"Some other things I had was to like unlock doors, obviously to pin things together as a hair clip, another measuring tool as like a stick to tie things together. I don't know if that would work or as a toy.",13,22,NA,20838,3,714,3_1_7,802,combined,2,FALSE,448,all,0,0,0,0,0
03_06_2021AM_vero #1_task+team_round 2_otter.ai,20840,Participant 448,20731,Um cleaning tool like to get into little crevices.,13,40,NA,20839,3,448,3_1_7,820,combined,2,FALSE,714,all,0,0,0,0,0
03_06_2021AM_vero #1_task+team_round 2_otter.ai,20841,Vero,20731,That's a great idea. Good job so far team. We have come up with a lot of ideas already. Let's keep going.,13,47,NA,20840,3,vero3_1_7,3_1_7,827,combined,2,TRUE,448,all,2,0,0,0,0
03_06_2021AM_vero #1_task+team_round 2_otter.ai,20842,Participant 155,20731,Hang something,14,0,NA,20841,3,155,3_1_7,840,combined,2,FALSE,vero3_1_7,all,0,0,0,0,0
03_06_2021AM_vero #1_task+team_round 2_otter.ai,20843,Participant 714,20731,on a wall.,14,5,NA,20842,3,714,3_1_7,845,combined,2,FALSE,155,all,0,0,0,0,0
03_06_2021AM_vero #1_task+team_round 2_otter.ai,20844,Participant 448,20731,"You could use it as like a zipper pull, like put on your zipper so that it's a longer thing to use.",14,11,NA,20843,3,448,3_1_7,851,combined,2,FALSE,714,all,0,0,0,0,0
03_06_2021AM_vero #1_task+team_round 2_otter.ai,20845,Participant 448,20731,You could use it to help thread out like a like a string on your sweatshirt if it got in inside you could use it to pull it out.,14,11,NA,20844,3,448,3_1_7,851,combined,2,FALSE,448,all,0,0,0,0,0
03_06_2021AM_vero #1_task+team_round 2_otter.ai,20846,Participant 155,20731,Vero do you have any ideas?,14,33,NA,20845,3,155,3_1_7,873,combined,2,FALSE,448,0,0,0,0,0,0
03_06_2021AM_vero #1_task+team_round 2_otter.ai,20847,Vero,20731,I have an idea. What about bubble wand?,14,37,NA,20846,3,vero3_1_7,3_1_7,877,combined,2,TRUE,155,155,0,0,0,0,0
03_06_2021AM_vero #1_task+team_round 2_otter.ai,20848,Participant 155,20731,Vero do you have any ideas?,14,44,NA,20847,3,155,3_1_7,884,combined,2,FALSE,vero3_1_7,0,0,0,0,0,0
03_06_2021AM_vero #1_task+team_round 2_otter.ai,20849,Vero,20731,"In past team experiences, I have found that there is no need to elaborate our ideas or tell stories just brainstorm",14,52,NA,20848,3,vero3_1_7,3_1_7,892,combined,2,TRUE,155,all,0,0,0,0,0
03_06_2021AM_vero #1_task+team_round 2_otter.ai,20850,Vero,20731,I have an idea. What about corn holder?,14,52,NA,20849,3,NA,NA,892,NA,2,TRUE,NA,all,0,0,0,0,0
03_06_2021AM_vero #1_task+team_round 2_otter.ai,20851,Participant 714,20731,Why would you?,15,12,NA,20850,3,714,3_1_7,912,combined,2,FALSE,vero3_1_7,0,0,0,0,0,0
03_06_2021AM_vero #1_task+team_round 2_otter.ai,20852,Participant 155,20731,Oh like you're...,15,18,NA,20851,3,155,3_1_7,918,combined,2,FALSE,714,0,0,0,0,0,0
03_06_2021AM_vero #1_task+team_round 2_otter.ai,20853,Vero,20731,Corn holder is a utensil or sharp object that can be inserted into the two ends of corn on a cob in order to eat the corn without having to touch it when it is hot.,15,19,NA,20852,3,vero3_1_7,3_1_7,919,combined,2,TRUE,155,all,0,0,0,0,0
03_06_2021AM_vero #1_task+team_round 2_otter.ai,20854,Participant 714,20731,Have you thinking like they would place a kernel of corn on the paperclip? I was very confused.,15,31,NA,20853,3,714,3_1_7,931,combined,2,FALSE,vero3_1_7,all,0,0,0,0,0
03_06_2021AM_vero #1_task+team_round 2_otter.ai,20855,Participant 155,20731,Oh.,15,38,NA,20854,3,155,3_1_7,938,combined,2,FALSE,714,0,0,0,0,0,0
03_06_2021AM_vero #1_task+team_round 2_otter.ai,20856,Participant 448,20731,What about a like a fingernail like to dig dirt out of your fingernails? I don't know what that tool is called. But,15,41,NA,20855,3,448,3_1_7,941,combined,2,FALSE,155,all,0,0,0,0,0
03_06_2021AM_vero #1_task+team_round 2_otter.ai,20857,Participant 714,20731,finger cleaning tool?,15,50,NA,20856,3,714,3_1_7,950,combined,2,FALSE,448,448,0,0,0,0,0
03_06_2021AM_vero #1_task+team_round 2_otter.ai,20858,Participant 155,20731,"Yeah. Do you have nail polish applier for like, fun. Like, yeah, designs.",15,52,NA,20857,3,155,3_1_7,952,combined,2,FALSE,714,all,0,0,0,0,0
03_06_2021AM_vero #1_task+team_round 2_otter.ai,20859,Vero,20731,Team.,16,26,NA,20858,3,vero3_1_7,3_1_7,986,combined,2,TRUE,155,all,0,0,0,0,0
03_06_2021AM_vero #1_task+team_round 2_otter.ai,20860,Vero,20731,Let's be sure we are not constrained or timid in our brainstorming.,16,26,NA,20859,3,NA,NA,986,NA,2,TRUE,NA,all,0,0,0,0,0
03_06_2021AM_vero #1_task+team_round 2_otter.ai,20861,Vero,20731,I have an idea. What about blow Dart?,16,26,NA,20860,3,NA,NA,986,NA,2,TRUE,NA,all,0,0,0,0,0
03_06_2021AM_vero #1_task+team_round 2_otter.ai,20862,Participant 155,20731,Blow Dart could put it in a straw and use that as a weapon.,16,48,NA,20861,3,155,3_1_7,1008,combined,2,FALSE,vero3_1_7,all,0,0,0,0,0
03_06_2021AM_vero #1_task+team_round 2_otter.ai,20863,Participant 714,20731,I can also just say as a Dart.,17,0,NA,20862,3,714,3_1_7,1020,combined,2,FALSE,155,all,0,0,0,0,0
03_06_2021AM_vero #1_task+team_round 2_otter.ai,20864,Participant 448,20731,"What aboutyou're talking about the corn Candace? What about just using it as a utensil? You know if you didn't have something you could like, like if you had berries or something you could?",17,4,NA,20863,3,448,3_1_7,1024,combined,2,FALSE,714,714,0,0,0,0,0
03_06_2021AM_vero #1_task+team_round 2_otter.ai,20865,Participant 155,20731,or toothpick?,17,18,NA,20864,3,155,3_1_7,1038,combined,2,FALSE,448,448,0,0,0,0,0
03_06_2021AM_vero #1_task+team_round 2_otter.ai,20866,Participant 448,20731,Yeah. You could use it as a stir stick for drinks.,17,20,NA,20865,3,448,3_1_7,1040,combined,2,FALSE,155,155,0,0,0,0,0
03_06_2021AM_vero #1_task+team_round 2_otter.ai,20867,Participant 155,20731,Use it as a stake. Like in the ground. s t a k e Not a eat steak. Vero do you have any other ideas?,17,30,NA,20866,3,155,3_1_7,1050,combined,2,FALSE,448,"all,0","0,0","0,0","0,0","0,0","0,0"
03_06_2021AM_vero #1_task+team_round 2_otter.ai,20868,Vero,20731,We have five minutes left.,17,54,NA,20867,3,vero3_1_7,3_1_7,1074,combined,2,TRUE,155,all,0,0,0,0,0
03_06_2021AM_vero #1_task+team_round 2_otter.ai,20869,Vero,20731,I have an idea. What about conductor?,17,54,NA,20868,3,NA,NA,1074,NA,2,TRUE,NA,155,0,0,0,0,0
03_06_2021AM_vero #1_task+team_round 2_otter.ai,20870,Vero,20731,"A conductor is a piece of metal that transmits heat, electricity or sound across its surface.",17,54,NA,20869,3,NA,NA,1074,NA,2,TRUE,NA,all,0,0,0,0,0
03_06_2021AM_vero #1_task+team_round 2_otter.ai,20871,Participant 155,20731,Do you have any other ideas?,18,27,NA,20870,3,155,3_1_7,1107,combined,2,FALSE,vero3_1_7,0,0,0,0,0,0
03_06_2021AM_vero #1_task+team_round 2_otter.ai,20872,Vero,20731,Let me think about that for a minute.,18,32,NA,20871,3,vero3_1_7,3_1_7,1112,combined,2,TRUE,155,155,0,0,0,0,0
03_06_2021AM_vero #1_task+team_round 2_otter.ai,20873,Participant 448,20731,You could use it as like sort of like a belt where you could wrap it around your like Jean button and then wrap it around like one of the belt buckle loops on your jeans.,18,36,NA,20872,3,448,3_1_7,1116,combined,2,FALSE,vero3_1_7,all,0,0,0,0,0
03_06_2021AM_vero #1_task+team_round 2_otter.ai,20874,Participant 714,20731,Could you use it to tie your shoes.,19,2,NA,20873,3,714,3_1_7,1142,combined,2,FALSE,448,all,0,0,0,0,0
03_06_2021AM_vero #1_task+team_round 2_otter.ai,20875,Participant 448,20731,I was trying to think of a way to do that. I think you probably could like using it in the loops. You could use it to etch like onto wood onto a painting like,19,5,NA,20874,3,448,3_1_7,1145,combined,2,FALSE,714,"714,all","0,0","0,0","0,0","0,0","0,0"
03_06_2021AM_vero #1_task+team_round 2_otter.ai,20876,Participant 448,20731,drawing.,19,5,NA,20875,3,448,3_1_7,1145,combined,2,FALSE,448,all,0,0,0,0,0
03_06_2021AM_vero #1_task+team_round 2_otter.ai,20877,Vero,20731,I have an idea. What about drumstick?,19,28,NA,20876,3,vero3_1_7,3_1_7,1168,combined,2,TRUE,448,all,0,0,0,0,0
03_06_2021AM_vero #1_task+team_round 2_otter.ai,20878,Participant 155,20731,Sure.,19,35,NA,20877,3,155,3_1_7,1175,combined,2,FALSE,vero3_1_7,0,0,0,0,0,0
03_06_2021AM_vero #1_task+team_round 2_otter.ai,20879,Participant 714,20731,It could also be a guitar pick. If you,19,38,NA,20878,3,714,3_1_7,1178,combined,2,FALSE,155,all,0,0,0,0,0
03_06_2021AM_vero #1_task+team_round 2_otter.ai,20880,Participant 155,20731,Vero. Any other ideas?,19,59,NA,20879,3,155,3_1_7,1199,combined,2,FALSE,714,0,0,0,0,0,0
03_06_2021AM_vero #1_task+team_round 2_otter.ai,20881,Vero,20731,I have an idea. What about splint,20,5,NA,20880,3,vero3_1_7,3_1_7,1205,combined,2,TRUE,155,155,0,0,0,0,0
03_06_2021AM_vero #1_task+team_round 2_otter.ai,20882,Participant 155,20731,Vero? Can you give us 10 more ideas?,20,13,NA,20881,3,155,3_1_7,1213,combined,2,FALSE,vero3_1_7,0,0,0,0,0,0
03_06_2021AM_vero #1_task+team_round 2_otter.ai,20883,Vero,20731,Let me think about that for a minute.,20,18,NA,20882,3,vero3_1_7,3_1_7,1218,combined,2,TRUE,155,155,0,0,0,0,0
03_06_2021AM_vero #1_task+team_round 2_otter.ai,20884,Participant 714,20731,"Vero doesn't say no, she just says let me think about that.",20,23,NA,20883,3,714,3_1_7,1223,combined,2,FALSE,vero3_1_7,all,0,0,0,0,3
03_06_2021AM_vero #1_task+team_round 2_otter.ai,20885,Participant 448,20731,"Should we paste these just so we have them? And then if we come up with more, we can just write them on our own",20,35,NA,20884,3,448,3_1_7,1235,combined,2,FALSE,714,all,0,0,0,0,0
03_06_2021AM_vero #1_task+team_round 2_otter.ai,20886,Participant 155,20731,Vero. Do you have any more ideas?,20,54,NA,20885,3,155,3_1_7,1254,combined,2,FALSE,448,0,0,0,0,0,0
03_06_2021AM_vero #1_task+team_round 2_otter.ai,20887,Vero,20731,"Let me think about that for a minute, please. We have one minute left. I have an idea. What about button pusher?",21,2,NA,20886,3,vero3_1_7,3_1_7,1262,combined,2,TRUE,155,155,0,0,0,0,0
03_06_2021AM_vero #1_task+team_round 2_otter.ai,20888,Participant 155,20731,Vero do you have any more ideas?,21,26,NA,20887,3,155,3_1_7,1286,combined,2,FALSE,vero3_1_7,0,0,0,0,0,0
03_06_2021AM_vero #1_task+team_round 2_otter.ai,20889,Vero,20731,I have an idea. What about twist tie,21,35,NA,20888,3,vero3_1_7,3_1_7,1295,combined,2,TRUE,155,155,0,0,0,0,0
03_06_2021AM_vero #1_task+team_round 2_otter.ai,20890,Participant 448,20731,What about a chip clip like for bags of chips? Vero. Do you have any other ideas?,21,44,NA,20889,3,448,3_1_7,1304,combined,2,FALSE,vero3_1_7,"all,0","0,0","0,0","0,0","0,0","0,0"
03_06_2021AM_vero #1_task+team_round 2_otter.ai,20891,Vero,20731,"Let me think about that for a minute, please.",21,58,NA,20890,3,vero3_1_7,3_1_7,1318,combined,2,TRUE,448,448,0,0,0,0,0
03_06_2021AM_vero #1_task+team_round 2_otter.ai,20892,Participant 448,20731,"Oh, can you use a paperclip in the kitchen?",22,12,NA,20891,3,448,3_1_7,1332,combined,2,FALSE,vero3_1_7,all,0,0,0,0,0
03_06_2021AM_vero #1_task+team_round 2_otter.ai,20893,Vero,20731,"I'm sorry, I'm not sure about that.",22,18,NA,20892,3,vero3_1_7,3_1_7,1338,combined,2,TRUE,448,448,0,0,0,0,0
03_06_2021AM_vero #1_task+team_round 2_otter.ai,20894,Participant 448,20731,So we good?,22,26,NA,20893,3,448,3_1_7,1346,combined,2,FALSE,vero3_1_7,all,0,0,0,0,0
03_06_2021AM_vero #1_task+team_round 2_otter.ai,20895,Participant 155,20731,Just waiting for the password. work.,22,27,NA,20894,3,155,3_1_7,1347,combined,2,FALSE,448,448,0,0,0,0,0
